Código,Factura
102121,04e48ed5-2f5b-41bd-ad60-8cf40b571d60.pdf (https://v5.airtableusercontent.com/v3/u/46/46/1761321600000/ZjZyVCCDzSb2GqIx7FJVcw/wGdljn3AtQn11EVSeQtkCRVmJSXb-eKcHYGDeU7m35xnGW20BX-6Rbi9t6TcmgW682Ttlh_QhzgsrkzBK_ET6UtjLoph9-e-VNuF25MOPvefEopLJjxX3TbJBkTPo9c1eMt72rw5ulzVCtNUWxLS2pu-KZ6hlJ2ojAC1hieYLy58VJvy9aj_tS6q3y_ClpoCtsJovvMVUBcBEk8k2iQqLQ/ojBQsZrKj9wQiTN6Qdefrgcn0sgbE-qhhb8BjaNH7jU)
102122,7871d899-1c47-400f-af50-40e1afe4ff21.pdf (https://v5.airtableusercontent.com/v3/u/46/46/1761321600000/T42qSVDXGJaufLUAsrJeYA/xYOGaBPITFzs7Ja0xsQctPl-ijsTS3vzOOpkIGu1SGxk5vNc6ztylapRPzQIn8wK-Ctrj5GaVzuRNKrDPf0eUhROUvKtHTrXhrjdyi3H-2De8iqm5YjUda82AUOLKNYSkccKqbK5sxVDjvnv0QrmpwDelKFI48OfWRONzNljEAg-r2TRPVd61vl-KsDkB-S53_koZ1x6n4VAbdr0ldOO2Q/EKoGXtw7D5WZA50k57FWfFXSAmWZmoDPm3QZ4XQIgME)
100683,46e2213d-872c-4be1-bf7c-30627a1314f1.pdf (https://v5.airtableusercontent.com/v3/u/46/46/1761321600000/brvvsSvtsRFFzMs1VK8cTg/HG1Fm_M9gafWqsIriiXC56zfP9Nx---7VeGMvF4gZ9PrkE1VVslcEX7JLIR-npeH6HK_Pwr_CUvN5jwEA0AsbmqErn7vybFRYnhBLdpRhpHHa4QOa528YiCPv8grJpHiPKXy5d_kuCRktk13C8QiWnhS9EwQ1j3B2sqHVPVPX71oBkNVp88yY26V8d5AMDjzFcn5X_WeFXRiX1JxPxDH-Q/zyyPvs3HIZV3MgfoHTopBr-u2aHvgiHiPsZPmx-FlQ4)
70419,39eea78e-d3fb-44fb-8cb1-7233e029e449.pdf (https://v5.airtableusercontent.com/v3/u/46/46/1761321600000/d_-bXkjXoG91aN0Wz-7DTg/QPTb7TloTVGMw2dakqZVjlpaX_rEgE53Ov8u2A6hu43RBFqAwcoJQPjeSGdjqaf-SGKMwTgN-nAT7UiVUOW4AGyQf8fRVkUcYqJjEhleBotDRMjMu-2TiafrZOZQcqdu0uqUxZ5xZOCPDq4ebn3VrG3Jaj553lu9kt_b3iw1XzIrhlfkyxlF7y84LHUkp9m9UzxYcIRy-aHn_VGw_5VChg/VXnmEsHDxzSh2DX3lUYQEZUD142EX85O0Ih8w__wdFc)
107633,e46d994e-76ce-4031-b136-0a579804ed3c.pdf (https://v5.airtableusercontent.com/v3/u/46/46/1761321600000/7q6de9E7Td_C-L_xjPzDxg/WCIxbPC6I7NUu0soH-zKWOOoSdhYORsSlbE7-FPVms9P7HF2lOwON2ThgqiEoFEdmkhZiQ-k7WubhmihG-9_jmm4Hwla_k_PCvpfEF_RUBYokbqkw3VgTIjILHACLJk5mRIMm5dQDKYZlq1uFThZjQNaFPSzmc0CAE3ddQQYtaC4mjkbLFSk5W9-uQvlYeXoJ1R_l_gOfpKSNYOsrCyXgg/LnsSXCsDTm3bOpN1r7EGTKesSgDDfZfwmFZA0jUEQTo)
95369,b0c91285-3394-4698-a76e-f660e1ee76c8.pdf (https://v5.airtableusercontent.com/v3/u/46/46/1761321600000/lnQA8dozEsr1GnUPjrtr3Q/fcAm8bXiOnuVFdeMDGKrnpRua_RNwwSH4gz2oZnnem4kpSFA9fXo9NVz3mCUuZG75E50mjVpDRCmiKJb9b_AQPvs63Dpzwrb7nR5mPQdtJjnBNT6hqND_eRSrGSDLDUx7-dhe5sp7iho7vXdecc9MUXgFjRB427PUJjVGJGQFjGtUY6NuAvNYLwXmwFwHJiw3VSsnXin9iu0GWPyFq8r6g/oSXTd4BqfOSMn0vPp2dy-N_MIxSGE83atvBnCUB469Y)
103260,5f3066b2-6786-48f7-83bb-078c62551115.pdf (https://v5.airtableusercontent.com/v3/u/46/46/1761321600000/oEDIm76cU52cZaM_nJb4oQ/fRlS1UpnnEJj_qRugHdl-k9oQJ58CGZiTjPmP_e7eHg1oKdmnJjTEJDBYDBWyJ5_ZKZ3B3I1wooiXDV2e6QCXKiho9AV4yjo1TxDVAMgIlf9cR0VDFa1NOCGK4Hz2uUCH-hNA9Mi-Xwk_2zy8GBIW-dvnFGmGIRp6hL3cpFwFl5CdZ6Qe8sG8tt11nmFCd8EYOnz7G_dPrE1_3dmGhm5GQ/1OXxN5fY-7GQgOCehJa8AgJwBC-C2dn3_AodKlS_pqA)
102215,da9f78e6-6985-40c8-837f-1c93074bd35b.pdf (https://v5.airtableusercontent.com/v3/u/46/46/1761321600000/5dbu-8ZRWMkCXKB21beylw/wrB0xWIArYGBO2ZIH6Svna9MMwWFVgyIQXrDEkvvNGwWHFqN5iPobToFr1-tMhWG1VAUW07-ArgsWiuNDcAoW8r98315PHSSwNWH0Fyp9p79kcuKRfUBB2fAFl3QoxqI9oOfxe0cTT8f5jfop-22bOflW3UGZRt-Otbwp17d46VH64-LJGCIeDFlsCeO8cHmxS6GMinwuqLdbBv1kswqzg/jSLnaVeeTJwvwTQYCRDn43LwYBVFE1poKuT4HwDoi7Q)
101509,6b2cb848-aa10-480e-8c2d-c89529daab56.pdf (https://v5.airtableusercontent.com/v3/u/46/46/1761321600000/i7dVDDpo7rR16f5rGFZBhw/pdPYrT46ksZI1epuLIQUud4jRGOjQyF-3jc7pD_POwhZdymSGI29Pfzoc_-8xD9GWkcWQrLk08SS0K_DynWJiaezVDyOVfhIcbDnIcceecYkp-_sOmmhW1kBi8JYGBietH3GPjbtJWajvU_ybSx6r7CEup4fp4HhRyzgjNhsP73chyxagLN2QQflxaOlqHpn-0GMMTdgJ5lb5XzxxYa83w/8O2Aj9MdJj3KAyNh8gL8xt9OHoDjbM8vt7R8VKHt_4w)
101501,42bff51f-7210-4369-9a3b-ee5b8d618604.pdf (https://v5.airtableusercontent.com/v3/u/46/46/1761321600000/RleGEiTlyxJubI5HijAHUA/qhpv8LcvDEewhiO5pGKwE4O2lB3SzzZhE8TqWsr938igiWn0h76mZIA2Y62SAhCGgUvmqodzUo7MkLB-u5uO8EluWHr7EI6ja6AO6m--diY_lppy9vat0R48m65mId3M0FbSQUduQiy4J-akyis2c-SBx4t1xFJ2Xn4fClfvppE2VmccW1ZZcD8gavASjEblgQHRdZZptysgIfyJ8oUePg/XUBrY14YkYXkrGV_wOeSwqgSB6UqyNv4onUB0UqrMTY)
101505,97dff8dd-1452-4d43-a634-1088d8465fcf.pdf (https://v5.airtableusercontent.com/v3/u/46/46/1761321600000/XKuK-_Ig-VNjf3n7gh_bAg/YRSx--fIl8i0DfP2M7BIlUYQNUtP3UGr2vUqZPW37Eg9aod5L5LQCTUmKV5nByplhPMSLH-0pWFbAf6P0eTUy3N6fDYggABri0gk2P2xZ02pa9YNOL8r6ofdntplURq_F3Ccu0LUrSofQk9g2eikTbql2g4NKUeucSMF1rkoTw71pz0OSK5tqBYnGI297b1ZICiAmyNtevu10xZ9gGZ9Kw/B71upLGm1MA-qKJ723n3uBWPNA4f5GWLRk50tSTTUuc)
101500,37f9344e-6c46-483f-8311-0142c394ea25.pdf (https://v5.airtableusercontent.com/v3/u/46/46/1761321600000/sXCdxKABFKTmCtnyfojvKw/YRNGqxnC2CVICz0f92Un_tqEvQuExWtO3kJeANDznqI1kTs2-1cLC71l_OIE1fWqZlbXVCPcnvD4F6W8hYrrRbGDd14GQV5PU9qOIeAmSfBGqbiogGumkxfVItK13jo1wvwyZE9yVmQdkn8WHqyopckXzmS6RAaUO4F36Mxt10aTpf-DozXplzrsh-OaeixLCQOwt8lNOUGeDPo3bNT9zw/xrCMbo8L_iRobkE7q8kQoInhXg_1khnfLQYXQgxZiQQ)
101498,ed01b16a-bd62-4da9-bca9-c0bc567deab0.pdf (https://v5.airtableusercontent.com/v3/u/46/46/1761321600000/GG14uFBYBZ2eZIQIbee37g/GmBumaNRvJW2ftsYxkabd75xWyMIaZzvKLAY2GED_-ULqSDOuTj28WFTo05eq6iZ8XveYAUL1LheqX8ojix4mDV2DdIDxudXqmfQjMZU4VbACzFygC8Nk_hLCi1AoFOENpR5RMnue868CAxTjKj6hEB9KWlUFNNoh36KWWX183n5U01pFy9Vt0bgPXXJ1scRStuR7jNnpTmys6MLlDiZLg/M8qKAPvWhOC-jHs3rAtfV8wGT3GMnnkO9WBqdoXWgqc)
101499,df1d520d-59e5-4679-9699-6209da9b1f6e.pdf (https://v5.airtableusercontent.com/v3/u/46/46/1761321600000/4_GxVQV2C09BYMcHss5cEw/erjMoH27HC4nxtjEyUaZCxrdGJgZukXkCvmxUqtMVTwlGgP5e9-_A1FxyHmL6hCV8xGCpYn-xv3vRwFP3y9i-BLHKqpo1UNYQ5Xar5q9LiCEIq1m_x7nQ6yLTyZDvYqMQt18RNepc_mtR6esdviFvzuCvzXLSIv3NuD6isdHhe5xdGP09Pm9eimEOte_eA4UqEiiH4EWQc59S1UoC1ohXQ/4HICGaWTAuqyoDViSmqd5wNacN0LhQPSLWcjYljKV3o)
101497,8efdab2d-27d0-48b0-b665-2b5f51967288.pdf (https://v5.airtableusercontent.com/v3/u/46/46/1761321600000/kmP0jFsGYHd9XKAK1OOqMg/mWTb4Yjnd8ee7g9844t4kk4S3yyqR1W5MOwTmtn9GW3HZ_KPQL44ebOIfeXb5G-s5cZnwZZt8ugsdqqaIUt8nDhiWNf0rzyFbRk0gj6XIPbvJNVCDfvZg19FhgH72NqaAJgi-J6HdW1nwxeUor4E9XAL3lx3XLXV5gPP7UDUL_mPd1kb7tQPWwKL1NobhNpeRV5Y0lKLBlntYuyRi_4C9g/PNWDOTsBXLZgEh0tV4EgLJrg3q7uNDVl8dWhfFjcBMQ)
101496,3143b3a9-3d99-4bd0-8125-9c34e98c9559.pdf (https://v5.airtableusercontent.com/v3/u/46/46/1761321600000/KlZQJEn_yW0p9MeE6uS3Rg/8WO9DWg2yHNs04En2tCZ4MDt-CvNGy8VPnpfhewjBZKcHaGeknWLQXRw8it80iOuHJSjX0JfHYlFUVfkS2Yf4YYqMRC9uSRQj6ydiqtKEKU46uykO4JGXUD4E65zkVjqyAvzPoR0LIfyRdxlA6mJ_uhW9iWbJ0hoSJcc8zNUslEi5vmZv-KAa8jHx3fTdnz0Z8Y_5KNkRRYDGAEW1siLDA/Bonq7BB6RQovKROVog49OrPQ-orq1BglnLNb1E5McmI)
101482,72304d9b-9780-4206-b4d3-da15985b3609.pdf (https://v5.airtableusercontent.com/v3/u/46/46/1761321600000/nXr_QThagdUNIf3wHlqZfg/tGLWDuKU2ragb3pAB1BeSLkZQL9MlTQZL6gTDIrLc9or_Kpes7RyexgptbZXLL8klQa2gbkUZMI2vYWNDMCz5NZdm3dDsseq8aZXjOwue_UuitB9OEw0OPx3wlpHG2eTFufN5HZPaHc_knhzGEPQ8av0V34c99VJP3w-xvVqaOVKHMouTKPhAiDLQAiGXBkzLCisWfddQBJzkfB2-LCwmg/kYqbkPTtovHYUM3BJLpw8-sisSbZjzmGAiLFEeteHvE)
101483,31ffb7aa-f62d-449d-b34b-7a50018aac02.pdf (https://v5.airtableusercontent.com/v3/u/46/46/1761321600000/p9eUwnyuwb75c8nhb-wNIA/WN6M4fPsBhnxaoLSb-vraAV7AQE6quzqj4irWPzfshmnXvo628mqfyDBd7JXZGIIpbkIFVEqjVsAEFoPlkOUE1g_Wtd1nZYwameGoKGpEUX63F3-KeLARlYbWJMvlgyxt0sS5Beu3CqCYZFn0fbeVXwmQPKLxiwlsiKcfijGK3YLL7XrINZnJNqmB0tcU4hAhJdvBNzAQFAtr_yxmvJfwg/h0ORKx9lY-BlXankgAVqKoGdM0Dvg3RyqhL02-2CmAg)
101481,9f563a74-97f6-41be-883b-246ffacb435f.pdf (https://v5.airtableusercontent.com/v3/u/46/46/1761321600000/J-QyJg7Bqe0XLzVwKluXgg/AE7qHJS7Ri2wKWlI7OM2_cJQl35YjlnufbkdVdoFHp5YAlt5O0wKe_9cxYJWzUueRaQsj78xYqOxFMa0v-2hmlx9GN4gGzNbDLBIdqdYi8hltYcTqqeh0l8wtpcwcWv9Pt5N0BYedL0bR8Sus0XjLDHMNQ7yqKbwP8Wlqin_VbxZZxWL34w9Xk0KxKCzFpaAWzvr6bZefBW2oD6kKBubGA/K-XHYOLC-_g8m8b-HUsBJI6u_ug3GI7SVcakivSdfDc)
101479,58d46147-279e-4396-9d44-542e82df2262.pdf (https://v5.airtableusercontent.com/v3/u/46/46/1761321600000/nkOuAeQMgqkw611k0CdBhw/9Fu-QibXDSvioBD1tWn99a9SrMq_JtP1RXrpXqoA1ZU_dwmFdUhzbGBEzMU2b75S04yJymbXLYhXMHF5xAIc0xRS9jEHHEFdg9u9ZTx5WaAm-Z06z-KNvCSzbOUabhLpFhIqpSokAj_XgMdHqEUXlmr02ZOQc-1AG9rOMRcnfAYH5g6pG54hBFVsYIPYrWEI34129Tj6MBbkQFWYOl_0Ig/ibTf2atcTdHgyvolpJTh51ReuiCp8H1_0bZnYu9iaI4)
101480,dc713344-0c71-4741-a3c7-4d4cc6a8e811.pdf (https://v5.airtableusercontent.com/v3/u/46/46/1761321600000/QGQ-o4C3bcQnnbJ6FCMsdw/X47vCedXGJqQZQZTVVM30FTBZ4PvNMQRWpUT-T4q7MNB-Eek6BUYeRvZHNTw2MZgCloblNrPMSy7saUw0ALSSXLryQ61Mz0rfmUwQbqditgYmP-oxrSwxjHyvZpnD4NipH7Vsa4bjUT_E5i1jEjwF2WMbYrnvMIx4JG5K0oxGb8MVqBICJi0I8xyi6neQU87_PH59ZPDxGBAgVKwYlkzOA/0IoV0XHPjzR0wY2lkCtowhoogR6KLh8qZsJwW4zKdKw)
101476,17c94397-6943-46e7-b276-ecffafd89e6f.pdf (https://v5.airtableusercontent.com/v3/u/46/46/1761321600000/IJWlGftISX21OLXZB3Xt-g/57HfGFHYpJwxJscBYNSGMpTZsfHDw4NfRPh7DgeP4L_9-R0f55HFNmU19SwDNFmRJm8ciwh-Otu0bO35r1f72tJ8wpHTLjdMRVA49De3bHuWkUr3yqVQZ3i3nDNbAfIGpoQ-aAZVKk4ToUPX1sLZiEpJOM46sF13yWPiPezJkJf9-6DeNywI1pHA3tjX6vDQqeTarGi-z_5wOIazuSCz3Q/vf6y166DkjvSS8HpiIUYtxhaIgKWopZn9B57J0OXOpQ)
101477,bde3e16c-dcd3-43dd-98b0-501fa2a19f4a.pdf (https://v5.airtableusercontent.com/v3/u/46/46/1761321600000/hSvB-ptjepqCF2yb5Sbd6w/jFpEWF-cOCYgJY2mTg7E41ziIKrikPO718SVlRgWFvLuQycS5sFgRFuZm0Ylj8rqcsCSG8JoKQkSUeMFYEy2gg2ve_xIAZ42BIZmi1DKGILxrFNFdc1YNy3gE3B6iprnrEmlD8pVGiFq3zym3tHs2DGsMQZiH7KgTuy9l5Oc4hit03YBYovFVflhY08W5Arv9SmpB4-OdhnLFr4_9sk_Rg/YXUV91GXGpyiahwzwpl31aXxTN3rmv67RAiGnPwpuv0)
101478,f1b25a01-3a91-4e5d-ab3e-cc5c5adc2816.pdf (https://v5.airtableusercontent.com/v3/u/46/46/1761321600000/25O8P8nKO8IIUkZ3u-uHow/_X7Ts9nmgqf_JFPVK4lYtRBG7jaX0EM8Jn0Y4rh0oVAmQCsz0bPcXU4kXL1cZA5uKLFpxqGiXFekY4U-w6leeK0Z_rH1GMtiFNpGvoTC29W7QmBxn_UI8Ozr-M8pA_CmzudsEWlJdid99EH1SHbcJsX3vzkZOhCPEn9kgco4OpfpoEgcrPk_w-7patib36Paw2-0Q6RasOrBmNqXv_FVxQ/OVW1_KOk3fGZCad8JlJice4P8Bf83_txthezn52vHVE)
101474,599b837f-a06b-4fa2-804e-6bf5b0827658.pdf (https://v5.airtableusercontent.com/v3/u/46/46/1761321600000/4wExwljyAU8-u16617lxow/sp5MYS2ItkzyeRWmshkPFwKDcT0ZFVSUkW5d4ucIk695gIPcaoG-_LPzyO8WJbxVzDPlYCxwbUEhfKNWmw7r-9OVCtqVy9iJBC49O-bvuZhAoI-U4Z2koS826qMWfk0IFBdsSTqHDp4vMUDq17Ut4rUhifngSM_RqztRUkdWGKrNwMuJ3yq38JNkm729281DsBtSVUfqjTCljJ9zFJWnXQ/qMuhpPbzRhndkYpWNWEC1u8Bb6FFDhZAEFy9Z16CwB4)
101473,101ed4f0-5613-4b54-b3ad-929564c5c4ae.pdf (https://v5.airtableusercontent.com/v3/u/46/46/1761321600000/0qK1uBKOb2faEajxsaNqUQ/nfM6kfrOW_nsIXLK_x-GW5sU2yinLRNIjC9VvnQC4sty89ZJaxZ3pbD2pnzCgpPyt2Atd5o_PAh2dlwLN4NqZAL9_QsD44c5eygCuBMtHRpe-agMzBWT9J5oQ2Gk3Esn0Sp9-Bd-EmoRQUxTNOK7WDRshaEKIacQrTdHxpWUf4kaj2SFd4pz0rpQgU9-4R61_cNa2dBhU7ABzdxzt3Yeig/rUd-x83U1xMW4TDy3jzlMhOfPMdd5lx8FHFwGwMaPpM)
101475,56b004cf-5532-4cec-a1c6-a973597b7808.pdf (https://v5.airtableusercontent.com/v3/u/46/46/1761321600000/bI1LP0c1ZQLzUr7SxXU5eA/0DibS1qRqEJ4QH5p8bd5phmfYRuK13gZEPb1HC0eLgLZ4ttRazKG-r2VMBA8ExKjDqM3GPsD2itd7XaZUJIeAniGD0ySw9kMWzAe2BchnrNahsHFvqKwHTSiLbDZsp1LYYk8yxtp04B-efQoe1OL6PkStYEcsruKCtXeSJOOMeH9EsHUis7c-cZc5UZFqbAuaMxgUp4zdAieeI58tGUZEQ/JeEodv856vLWYKY1E_5mKRoyl5nKqH6bDSUwOE8CjSk)
101470,8cbad975-4061-46e8-90b3-16cab8539998.pdf (https://v5.airtableusercontent.com/v3/u/46/46/1761321600000/056Plc7c5aRTDOP52E--5w/9ZIi2kJCOwBzZQ0dRRrCQ493T6yTTzFp6lVazP-5RLBGx4DO03LcTEicn1flAjpCOfuqdp2pc8SJbQ35_GouZyTc_q5dARkgTskEg5XOJwkKzRGSFP1JEWrsMSTOPY9d6YSi7SfKJ5h_FnGMmnov5aTrbrojS_BRzU2pU8RdGG9sGgOBz7U2ASX1LImtPoqyX3viHnLxbQXbcCWK9O1fXw/2Q0iLQES1su4qPLhzRRPhcQUF4uEUBwRSm4OtlSopCk)
101472,7f5e39ec-ada9-4cb2-9ccd-55fbb61ab2f1.pdf (https://v5.airtableusercontent.com/v3/u/46/46/1761321600000/r5_IRjmxgiCHUmegsKVIag/0OWPoZGAuP2y0qXyk65R_B5gUgXzPx0beJz8NwFIsIexVN9epDVCFgBomojiqnBthku9gGpOLzy4R43RD1tgP6IBkScaVOSt2KhRIRMrZZblIwOuEsXqdDB2T91xwujGmbLJiMz3MZQQR-EBbIxfbvK4Gu-8mX2FBiBNQADacw3pwGOdRxyk5fCZMez6UE_utKky4NeVOCJP74AMgiY4Pg/EjQQkxOEF2X66It8xU823NCxExZajtEhTKeadgqJ2Jo)
101471,1aa84db8-ffe5-4af1-9dfa-5e156a1eee7c.pdf (https://v5.airtableusercontent.com/v3/u/46/46/1761321600000/iCpf96MJpkgkQI5t06UXPw/82-HkJwfH6E0WQ26k2fzPV2TCacmSyElfmkFJCigXArwdtSPIR_54p1Os0Cb8XfR3eGzhb26nFRt4PWKkaZ_PaO9e4z9mppJxcuphdY18ee9wJOjjjqIXBnicKPfGVxGa6ZsHZOBX5Apdj7qOw5nuq-RRqjz1GNlbsysZptT82mTDqPb3CYMasS06-GMvwS23lKQAsHKx5ARZ2sDpoGNew/0mAhsp-AmxtIIpy86KHrK_PbzJ7UKeQJ3t1CbJofspc)
101469,79214a17-48f1-42f2-93c5-b36d033a106a.pdf (https://v5.airtableusercontent.com/v3/u/46/46/1761321600000/AOj3-EIT90sfGYG0onlfCA/ol70ijf5EY-b8Y8ZQF8iNgrLjwhQ_UmsWIBb-h7t4Ws2p_z7XPxfkxOUaVqq1m48Ph-1qi_ecw7jet0S7SRSZFyvkGAzYsBCZ17GtkoEUDwZs4P9GXpAEUap6HH9wvthUEpf3wG1EYYUkxk0_7i9gqXZ_U14lg1oE1mLxyt-hXfMYIN9FfpFT4R5Km1JHj6sbaLHrIXL6sFZkBTzJYvKug/jGfnIbh304jyVWUWEgQU20EYEkH4qVVisumn2EelZ9U)
101467,0ea31552-d106-4e58-8995-042626379e81.pdf (https://v5.airtableusercontent.com/v3/u/46/46/1761321600000/sXLi8je-XLirdZJjN1-kqw/Sgny3qcutwvvdXv_XCM1C6QW0DfqG4q6HSfM5ZHXFDkgcW5Ejv6nTaiw4-I-KR-itdVYnwkMPZpUJ2BPGOv4ppt_2VTjCasUpyDPNVfuEbHlhUg1eT2h55hij-_eRGnEMIiyiHaKE-FsbptrfG04-KtcTjT2SZBYOgSWhE2-Q3k3V1D453v85yYn0lhpmK6hAzQOL6hHyZYhrki3RUmaww/vimsRpvk84hIQZMW3Ck8mJcXNr0--fWRd2Uko5EuUHE)
101468,76df9ad9-2990-4563-b5bf-8a168c915aef.pdf (https://v5.airtableusercontent.com/v3/u/46/46/1761321600000/Vd9Pc1bv9XLB8Mnv2adr3Q/1IaMS6uW6el7t9jan06jfBzoOuQgFdrMGIJVgxN23RdygS_Nv0qDJ5ojlF5Uk9OkA99Wwbw10AjplPy6Q80KzR_r-6FvPicCbkNWNkOjBVH0FXgDQDbzYiOBrAJC8rQPGXL1KQFO-9mPGQd8ZQCCcjccg3A1VDvHxt-63o309eXYnKVjEnY5KOlxVj_2rqITDb-ijYNEalPtZaJi9PoZXg/APZWhoCr9TbUC45vROaCMRx5oVpEGz3hSIn91m45WH0)
101466,7838745f-4dd6-4202-85be-a56c4b2a3792.pdf (https://v5.airtableusercontent.com/v3/u/46/46/1761321600000/NF-oC03yeJMM69QTbBvIwg/xXrb5ZbskACvjwag1z0XfVmWQkX03LpEIC2ajYN_BtyuWdwGlS5Tu2jLCDJ-wmG55vosi4q7BWCa0k4kvhceL-r3Vs6TzioqI2TGIAJ6bgkGTZvpAsGNnXl4lmr4UgFLQsavZleAGXIDUcCJqvan6qoDaUKtotE461rDc8hxsG-PmtAngI2gef-e1hkCfMpbIob-UJpBoRIiq7uxtd8WCw/AaJJ0vN7Bctnk8sYOo_BBxfq0UbJE8M_nYl8KtsS5bQ)
101458,8fd811e9-0b7e-42c0-b722-32086c12d882.pdf (https://v5.airtableusercontent.com/v3/u/46/46/1761321600000/7lNpU52qt6sjzUFMdZbtCw/5QEostDeLr6d7CdXS9KPP8FrSgr8im52vh7Sit1OH_VfZVF_7JQXl_Q6DWhzKQ7UZnv3mJMsXz1q8cBF5F_Wjk37HTAZ_H_CGoCgrcFRDSqG05oxQs9BYCYiMwoD8JvR60qUK3BVvuCulqNI8IK866dVixicYpvRXFyAWpPf1kgDz177jXRNhbpc3YLEJ9F8Nm8bvteZjMnJgcE8Li_3gQ/Dq0HEHA4t8iLz70tbSXAjZ2OY6dHZSTTCWZ-wG-hV9c)
101459,d4faf898-0572-4587-a194-5c319f0ee6b9.pdf (https://v5.airtableusercontent.com/v3/u/46/46/1761321600000/pVUhmsR4q_jXXArW751WFA/aMwWoQl8YE4M_cpMVNBDR2l2WoRbWCOeUTYml7VCdZuz1XC9v8pzRhnXYeeoM80s5bnpOhUozyHqMt01eDNErrEZ_JL079X1eSGmv2u25aHeUy_djB0m0uWsJX9mzJzYodDG9i_3I2EOMVkkgF6Uunk0JuMye5Cu2Pvod4ktg4WHP9bxDu_lIda3I4q8tHD0A6WSBEtQN2TaYTGprDH5MA/MR9j2DrjII-uFbL8vQ-YZGu5M4VyKCtd9Y7EADDvJwo)
101457,e3591546-f5e3-4511-ab4d-f0637839f803.pdf (https://v5.airtableusercontent.com/v3/u/46/46/1761321600000/KDNkRoPwrU3Zmm7-TI6scA/hi1P06epet2sxgUmWb10je5gNihuclZZSpW_uCoHoLmRmL85oBaWWcFyAD6Adldp9lx7yacuT5JP4r88lcle5q8AF9bSxSmVLAIVAnaoWD7J2aI8fhW-pNxdMrPhcE0M99YR4UOeBCHSgs6dc9NnfOCfpi6ZTOO6aUgAfDKCei0awXNxRKJeDH2accUyVIqtjJNuv9sEaXJg8_AjnwjWyg/ytzovRDbu1l4VDaWeOJRtAEfVRFzRXVWT2QaWzt1t0M)
101455,4b793ea1-c980-4993-8309-164cf7d5d711.pdf (https://v5.airtableusercontent.com/v3/u/46/46/1761321600000/Pa3zyh2HrxNx92NtRz4KMw/BCUOc8g0EyDSKt2z_bgcVO58hLwsTWuE-JakKIeupyJjRhzy4QToz-R0AJECsNt4Ia61_Wqj497GyuMATUFUiFkAXC5B149VsctgVXfxbP0Lt5CFWc4_HC5AcUtiM8TvkrzRsh4LwuzxT9axdG1t19KUE_bk1DQarL60fpZc5hmWy8M95d63SZb1_fTgi70hoiFIQvEBGVL1AhPHiQSBwg/3YqYpBvJhH27WoW1Ap4DsPIuHH-gNliAoQTkPLdZWxY)
101456,a3aab3fb-d4ec-4469-a306-b38a188b128e.pdf (https://v5.airtableusercontent.com/v3/u/46/46/1761321600000/q8sD3D33q8qpmKbuWy_3KA/_VSTjmkNiLPIUkb2RmUl8hqwCTZvP8XRzjzp5umzDOfxY0ldHZv2eIoB5E778r_RqFOg3tnjm0hJnHn05irJfoVRfSL4cDgVeyYq2xy-kWbTvsfV7fCBWCGnxr0yO4hxqFIWwAyaHHAvv9rNq8vfBpLrOkjqfgBG_2ErXq07nm7jugP1X_yjiROTV0LCr7oH5ye0flmOKEigM8Orc-P0cw/qvt5UsYS6rv5YuQCBXTMhjk5tR-jKMY2u9WwStp9XfY)
101454,50cf3262-7831-4c1f-8763-76ed7ab61dcc.pdf (https://v5.airtableusercontent.com/v3/u/46/46/1761321600000/koEh8ZkKpIHC7bkhMdzR5Q/Yl8-a2ECBI2fE5XF78h5OM6PJV4tprZUQuW6eSIzUepSUzrPas1Bt7BPmD6m5EYEsvvaj-b2TcTQu_D26jbEJb9oxiJ3zOPIitO949ra2Js4YOLahD4ISvXHJb9oeAlGI7BcxjilELcTxH5D38LW9NRxYdlvwlc443peBNIvCw6Wu7jeBANRUNmue-QtaUtV9ji5EohLeMkiFFBNk9p18w/oU8m4qjYWIt1iyFDlmhy4HL_31cxASfK6VVu4NB8_r4)
101452,4f626885-f149-4301-bdbb-13970f789a97.pdf (https://v5.airtableusercontent.com/v3/u/46/46/1761321600000/2P0tSpo13ICH6sPTBXuZnA/Eu9QlSthK3AfRJ5cboLShUKcosNnTJfN-wWHYRTcEczwUTAarYKtfTnHyMHyCF99PZrZpdxOQYrcROqIpYWKrhASwlEkWzFKo8AkHRf29_8rmPh0Yr5u9FdKA8STqZCES5gWmUknnSOOKuy8DdEO6E66s0D9DOdRdTLKLGRr8ifuhgbTE1hBohpwifdYaqvHYYeiAw8-x6ZXbtVoQEYYHw/6J1rW0f2-Lzr11ICsVMCPqF_Ld4YOuCryJa0PU-H1mc)
101453,c5f68434-0427-45e3-a8e6-550d56e38a38.pdf (https://v5.airtableusercontent.com/v3/u/46/46/1761321600000/94jeXYsiB5iQJu0Ti3ux_w/8ZJsxzh-RKvnU8YLy3vysHl_aIP_uhi_1pYPSiiuVrNIH8VrVUSrvXmMO1NYDVw861EFYvi_9kRSzyNzbIQiRNQlSgn0_GhmNbDEe-XH12Q83GHtwGNAYJ0YA0jNOBDP-R1oTgufxza3UqcnHaVOHq_IqwJ_XJ6jPvBdXI5Vg_ZHnxtHSmXg2FQnfsbXmP9F0-RmDm2TuTaHXJfHPxJILw/846xZU8HmKt1iI2-x3U93dDcxMcPTr4votYSiVR4eoc)
101451,ee802bce-6e37-4b08-9a1e-8242f9690abb.pdf (https://v5.airtableusercontent.com/v3/u/46/46/1761321600000/5T9-76xnF3FCv-UYpzETTA/mkAngYDh-x_mE8cak8Ku4jvfv-HpypohzqGyYpaapyYNIqH91N_qsTmt7EW0NQvbUCJs4N5opYJJhgr0szfcfMbAceiPQyUqkAvz9FsBvxAnbpMaqDOTNb0U7xuD4er3a0i0ApdSO-2KEdZ2PNxCPC2SbvAsmyzVhoN4YmJS-S3v7ixYn6v5REE7VDVF0Rsla0sbbW57kOggkdNWgnmnbA/yR7BCtj297O4MMnVRjTr1r-M2MlaTdZ0p0Zdz0nA5LY)
101450,fe68e911-32df-4cfd-b573-98bfcb60505d.pdf (https://v5.airtableusercontent.com/v3/u/46/46/1761321600000/7CWSJshBKkRWRr_RGg4nUw/PmI5uw5PK_IuQyhsYd64TXbA4IRvF1pCfn_2UyzjiSnupMGAKJReUWNI4bW89Pqxw9QxRqqVOK2g6IwVoZrLVstRmVAJeMw-mT-32JfXoNqGkgqyOw3LKZrvYmkr9fksQGR_WVW2qFWWsF3PKUvITPh_45jzPWNXC18haKgrOVUO22gJj6cMRxp4LkR5syd-J9kk3diC66BAHhHj_-7fhA/Y3hDhKVhTpLsQ6qcdlTX3NGBLmZksrRQ9YQ7hCCyizQ)
101449,7ac3576e-d579-42c8-ba1c-3d13aa6f9191.pdf (https://v5.airtableusercontent.com/v3/u/46/46/1761321600000/3IxCDjobli4QJfuH7K6ufg/J4aus8zGKMT2Xh0VEgA4e4VuOAEowOUMzXCc-4viQDu10Jf02JpuBkrk0zfsf9NtnusJ08sVjKwcVKZD9W-DsaRpZXg3VGEdYfy_nkjr4279sUDlb9XnbNKPhqM6NzxoXElyp8v8aZOZXvgjC2oEwoEAWQyAFnLPPBckvQk1ziRPhGPrpcpAnLRxzYGdoVzGgZynDxJAoTphcSOOyNb0qg/ylUSSC-bk0n6i389FYPwyKJKyMflO62NVE1Ued-nV8o)
101448,8e826974-48a1-4fcb-ac55-7d38a34c32c0.pdf (https://v5.airtableusercontent.com/v3/u/46/46/1761321600000/6NHxnkYj7rRAfzwBaavllA/DaCe-V7IwH30M_5oqgF6-05HvkikZtXsu4L8ODBO76S21900HY8cT1NBm8EJVbOWsNOLyX5HpjmOD7YWTxk-H3D9ErZBvXoqULhC9Gtsfj-hAhF2Kru7m-UUmQd8DmieoPyS23o6TW7mNrVt-cDubmrp5U8EtSESSjKvTZwXhpQ0UbadXD_bkeGpDKPGiHWpseB4tKOivCjwKQ7M5Ls4VA/OKZwoqgkMc3SYd4VZUxl4qmgcaMUicl2jU4c0ZhcrrY)
101446,145aae03-9143-4bae-a7e4-4772d001bf3a.pdf (https://v5.airtableusercontent.com/v3/u/46/46/1761321600000/5khd29Wp3wJFOBcXo2yFBg/VWEnO_ltGmGXKvtym3MoEPi-yHTHRAYPRrERmpZgM5sTJA_m3qpK7DLZ4NMA83A6n6rZBmxfuWtc8B6Rr3I4lyJQVlGvOHe5kSS3IyeR14gd5fD34tsTSiHG0SbP4C0ri24xy-hSpKTEDnoe19Ve2bnxxfychhA3G_N7pA_AcTpdGKnBznIQZVT8yyho9NnA6dueRuFZGku6T1_oHGKl-Q/5bx5lsUAU6O9uWCJIxsqOk0-qJE40b4l31TPef6YB10)
101447,379ea07c-8802-43c9-9c1e-2704a0f321da.pdf (https://v5.airtableusercontent.com/v3/u/46/46/1761321600000/NDMkAr2Fxt5NSDDuJUN4Ug/pZl-rrFfseB_PrtImegAGKlQH1DDSrjaYLHcvc9Ov91WMO9uQmSdYus-iiCd6BRRV57U6XNSDNPX2KamCF_vMWopoT_FCiibjmTrBa5I2_2J5IK97v-X2naTaV1A4svSrFCxx6Xys2rzOpWbBsRQSYAHzCr9sj8cZQdZI--JBdPK1ok-XPNve_UjgC029O8n3G4zHAoyb9G_0VkrAYmuug/4PCkkAAQ5gHPyoBbZ0nR-dm1oA5NgDkCUMHsbWwxMys)
101445,93a5c4c4-2a13-47b4-9a82-bdae628637a7.pdf (https://v5.airtableusercontent.com/v3/u/46/46/1761321600000/sAoPuYDPnjCX-NtM5oiPhg/hRiynFS23vgx33pNxHNCOweTF4z5J4yeyY70suw3uxUV-XMDhenMeuskLZYK6S7KUjFF1AmBq1u8zziLv2ABHOgeydHLvEWA7ocgg3OP0pD-0AVxMDCY0gOR2kHJChEbQ9WzFzJsD9DIEppQw01F-ugs1rh7tdwBg3Ya4QAmZzZCBJwl65BiT3BskIXfvvIny0TPE3CODyT-MS4nuq_c1Q/mBwDZf5gYWAw1EZOzR8sFAMkisWUPneQ1GecDq-Xy3E)
101443,1498d578-9880-469b-a681-85ff9562b763.pdf (https://v5.airtableusercontent.com/v3/u/46/46/1761321600000/1bx1XSAakkcqHam3OHhNtA/cl3dXoxXX4PCmcE6MDCkHdIbqfaV99_SOqKhR3bIugZXm7Pss5fVjjAqTssGlMFBoAIigHI_aWXJuqDQzDyMtMEzuerKRdl8ZIDbTyK--9SXnQYS4j-G4h6ugtmN3MWGf8_YyX2YWCZyrjApjRuG6OKfR0SGyR1mk_1FlQJAH1cWNpt22nqrSZEhlaEnhWHGvqb_9Fcvgn_uqHlCOOK5yQ/0kcxOB_OWVjA0IdOrAg53kMpcyrifc5lR1OJ4uDDbas)
101444,5a80cedd-029f-47b5-9714-ae8d34be1863.pdf (https://v5.airtableusercontent.com/v3/u/46/46/1761321600000/PZCk_3A9ntfhcw8F1egYxg/hh5lX7mDV3xrN4hh5meo9b1JGzfBbj9qTyc3SvchGpnsyR7NPKp-PunY5f4GKR4CPTVOQJwc_1myaUizj4aH7cYVyNHBa9RsfGdqP3cD8QyQ5UfLzh6hRyNtnoJn3r3KffZ8K1X1WTZLB8t3kCvKWeshZqYWqjTUZZ25m9XMhttQbflX0frQVKxn-58PZ6TtW2goMQJQx8EZE8XSBiE_bg/YajdLA_R70iLpAtbD4pdhLZ4LQtB07uHdhx_p19tf9k)
101442,293b8d64-8bcd-46bf-b7de-c0fcb81264d0.pdf (https://v5.airtableusercontent.com/v3/u/46/46/1761321600000/l1KX4XYJm6thCjKvjjd9Pw/l0-YbfMY8T4diyVH1dG7IAT-lMOk5yXOykaVH_vbCNvmzu1lYpMIj2_AUZPx0SLCMALwNDoXH7S6nYkgdB0AmuJNC6uF_mdMmjYwi28JCPZO0b4aNG1Uhb5jMtTJRly97mImz0yeFiCf-aVhGWydz-WEDs5t-MNda3HCWr4iC7J7W7KeMqLXlrXjpFCUyLqrhFvDenAMkQ25Sp53GPJNzQ/dRFlzrHs-h4qQBkxuYG0bdRs_uTYn7K4KOQYchvGcSs)
101440,d1e10d84-18b8-4305-9d14-1c40cfd0d353.pdf (https://v5.airtableusercontent.com/v3/u/46/46/1761321600000/m3X1dml0Qo-sJfXl241-7w/32cVQHzyALNRxFvViKZ4OnwLdB0H_wdeAgs9EMtDPPXIXQIUlOKE2zBaCml0F1JTJb8V9I9GdyhQU_tIAmrwW0_Co23KrtgUwXvWzT2p4kN27GOXODISzo_dZKYxAVSy5p_LBcJAavSxS4bXwAloTOa-4ZH4l_Rzc8uW_VDpPAsrd9IhaEOe1nxoA242f7wEce-xgd0FbJLVOx2--QyK6g/1HQIUH-pThmNHk7VFjjFbKPhoBAXuAl0EWCLltCF_C0)
101441,520f865b-1aa8-45d5-9614-50a8abec40ac.pdf (https://v5.airtableusercontent.com/v3/u/46/46/1761321600000/FCUfAoszur1CiCJldYMCGA/gMDNjPdpLhul5qJ7bG61DrQQ3h1aRK7v6XXIt2CkZNJKoSuVWjju5ac0oPzqaZ--_r3rMjABrFnJvKZ0oHJLnw1mXM1ugkTYroa2qq-uuHwOh3woG3uoGEJCO5cEswdhrwYSXM9scznJ7yDSV0hVJqiuY4tYzCj1ap8nr5gOdOjxXSlkccqRDEx9_1eWOx2LAUNpU1prSCd2enyg_8autw/dUdzDZ10X3jps4Ud0N3tnBUWIMuVH229le9mnMJgFi0)
101439,13dc1121-1d60-48bd-ab09-dd2d189cc666.pdf (https://v5.airtableusercontent.com/v3/u/46/46/1761321600000/411Utxied7JJLdHefhDweA/U1eR6groHxOZAU36CumVt-t7ZaYsKDQL6H4blV18WiSt0dyNZG1Warhp6YColPhWwma81DIz00HjyN6cOjpCvJf6oyuAieuaL5Q8p7j_2wceyX2vMffkrUpm57WUsREdgnabICpwzHEJw-ggdbzKPnOzo-kfgWI4jYG6XLw-WFmhp0H_CBDJR1fWA9dqL4UHc2uG4BeWnYZafkR_JQu03w/ztO4F4ZjbknH15wX44ysYybky_Et98gW8-sT_2uQW7I)
101437,29e080b5-483e-44ea-8416-034052f7bf98.pdf (https://v5.airtableusercontent.com/v3/u/46/46/1761321600000/VfM5GBEeb7LSNol4rj19YQ/DnGTCv9TlvvwoaKyyS9bkg-xJj4jw0rxbko1yV5kyPw2wwoOzqs7c1WFTgPDRh4f2vK9SrsYtMqbKmSDHmubUjBUBz3p-06RbiboSKKmcis67kaG5QUoUqraPcgi4XfeeP5j8MEWMyPuuYczXB68n5PsR5FX9SDtXNSwDI9_UAdWAbn_mxWYWDVKEluAiQn0gPT0aZ-jL3KoXJqJn3-7Wg/3UcTgKBX1Ab6IMRFMgXUa3O8PA6FVbU0HRsb4JzAo_Y)
101438,4bf27a0b-76e0-4063-b35a-856408f0eca5.pdf (https://v5.airtableusercontent.com/v3/u/46/46/1761321600000/HPJu__SA1E_p35MaC06OlA/OTZcP0pqMRw5MdLtX_09Vx5Jz6x7QmtBAPFI-a3JSgcu2pTUp8vPeFax2r2t9SXiPamxuOvG-mShgSUL7_umbNsFgme0eMwuhy29eC7UYtBWlUCJah-2cJu4rVtiM-sU0Pp_DFsiZsnbrkoHXr1Xvc_i3Kfu1YhOgnX_HQwXJ1NYZBwMkvu8_s3uVAOWqO8xvgkam_qJkwt6shmVcWLUjg/HzHMLXk4QsJpVAMeOEQzFxUIlgzdMgrHe4Z3ktziF8s)
101368,d2a905b9-f489-4043-b4da-46b31c3e74be.pdf (https://v5.airtableusercontent.com/v3/u/46/46/1761321600000/7D_u61de37Qe-y385VkVrQ/voKgZ7dHz7Kfj9itC7eQjvc1Pm_oUIE246AanK5v3pzefdRyx7Y16lAdC2_2NG-thHETlgdoeSqNK0mQZSOtAUCLjSVYM90oinErneDvTbtSWarOdUkqVb9yKkjOCUd5Sfzbx2GLtGmfS5Kdm1ro9furRfR2SBMH7vrZelyvQJJgL_PSFCawCZgdqFfoZM2hZlqFeMf7UplmdOJ7X6tDGA/5VmDQP3RQCQ3m_pk9F7JRDV2n3XP6CP5GgKM5CN9O-I)
101436,6f4965f9-8b3e-44a2-844a-b5ee5f77a014.pdf (https://v5.airtableusercontent.com/v3/u/46/46/1761321600000/osAO1UK21EgTDrSvBFotuQ/RAoKEzDn1ZJFpOJLDwjvG8POf023lIaithlla56r31rqE37RuT5uyOcLpxUxTGX7uk5HPW2jlMDt9tvASdA0TwlJDZNrJTCFHLjDobH4liJMk8QXliqJqGrz5a7CVhnASsYyUTdOIewwUAKliqUuMN7umNkkEbBmmIOqBMYlWEnr_Yf4UhaOWoOjPy6A5KglxR1syL6VeoyrX4Opj3HkTQ/rUjGHaKoVXmab36LJYUxFPext2TS_xfxfsMtKVQzAqQ)
101365,00eaea84-6980-44c7-bc9f-49ced2832c4c.pdf (https://v5.airtableusercontent.com/v3/u/46/46/1761321600000/Ekfn5pbh924HlYUyamHz9g/Wbalnsuxt7cx5QuejSFUcBghzg2K5EE4-u9802EjczUOASGY48HKz1aEmkszoRcSH1WJcgC5BSgNfLJvx0dqHsTv3bZqksq_rKH0l5ZMeTXK5sjUBsJSl8608CwmdAGY3eAkoZVZ42ZpT6rKuhdzmfBXeQDjJx7_amBVjhY07l4-gdox4vMmLjoqtjGK6No9DDysFnyc1jTlK2B-SVhhzQ/wVdCHVamC6NuXBx4Lljc61NI8ejqqxEKsah3fz009Tk)
101081,f7f1aace-50b3-473e-9053-0e9ca0b48b10.pdf (https://v5.airtableusercontent.com/v3/u/46/46/1761321600000/v9IosL4BQ_-p-YkRiMmT1w/syiDibmVsHT-mxxnUf7FPhLKUgej-2M-36LFVeTOf9_Zwht9VRTJkWaLvsbvxA7yeMWyJH4nDT0i5Jzr0rJ2rE_TdmP_OOAx5JHI2DF3XAcGfK5hSutJInelLoST0jM1Ye2pmX603kFJAJ6NRRlYMzhzIsT_QBSoxoHDgjbGuurb7LjZz2mbX4sv0ErD15MIrqG63YSnC9I_fya0FsZ9Gg/q1gO16JfZZ4os5spzoAPccoD2VePXdhLn_bJjjBc3KU)
101359,51ed1314-4083-44ee-83af-8bfb68e877fa.pdf (https://v5.airtableusercontent.com/v3/u/46/46/1761321600000/Co-TqegAArlJHRsNkDnmEA/xzGrO9VT_ymdiYHfUSCwsunxX8FTRMTzrgktaMUitA2iPNU4VEnG2Ll5H7f91vCR02bWmKe5Vq0eJOTmnz8ZkM74vhMrfbNZpnCQ-ZZ9A1A1H645-EtPQpsJDANzNpdmXo90bNpPLlXdUPqrvst31gtUzf_0q7XQOaZkZCHTwlFA9KyhTx3IMaxRK6NNg2rK5DOK8ASYz5CHogZoWm8sDw/-ir5ZHLpcLHPXT_p0ssWsX2ZHaLML3GgHAeyUYo_3lE)
101086,658d7cd9-cb21-403c-af58-d1598c8cf754.pdf (https://v5.airtableusercontent.com/v3/u/46/46/1761321600000/BGaiXxRgQAcxZEpqhVUwMA/9wnw5AlPFBRLhF-ClukF0OVWecJUQRpkkQlXSHPBaeOynZXmCi9eDCOi0b4IyxT_hWsDLrzKx7ZQRB-W_0EEXk6uGh73hzwxC0PUoxQvavtTU2bUSHimSlDy44sX-PFHiNqGnKqm8gh0sJ5eL4iDZuEJNb0vzzW9BE1zCxJKbd9zJW9tZK3WjYzBN8tFeAhaL-UbiBBthdiaymHp9HJuDA/NJRX4KEInCK2zF2IaBaqv5KP1fHDNq1tB5o8q342kkk)
101084,ad0a0fda-5e48-4aa0-b9df-c1a6afefe698.pdf (https://v5.airtableusercontent.com/v3/u/46/46/1761321600000/5xlL0Pqi-EJpsvy9l5OtiQ/kxsTBVb4F8lzduetWlzAbitLez6AjRl_QP2EkdzPJ8ubDdKQ2nhk6R53dKsZrYp1JicnNH59y15pkq-1EBdFSGydUoPNzMFSU6ftMpeaRrdUtimbGPaziYU6SxRFH3uFaO5_UYbhR-uWfXlJXXQDiXwbKAVDmDiu3Yrty0nYOnEsMbhyqQvrv9fIXPwh50hYAMnuyXjjFKkZ9BafKRssNw/EpPirQwV9au72U5JnnA5DwY0VPzpUAWyvK7K0u0thGs)
101082,def511ed-7bf4-4df2-b983-a30dcc4abbd9.pdf (https://v5.airtableusercontent.com/v3/u/46/46/1761321600000/bEoHZexV2FabPo4tnwNb_g/DY78Kpox-kOCHb85LmZwtfviBCDa8QVWqbWE3mzrrtySuiqgpfcEkhksc66VKiPjzVZooXimhFhbySlFD2Uwd3QQi6jcKFcOtPYKshX9Cty2HjnRcDBT1vqXR7K7NFLvM6Aq1iXIRIKa7p_pIWRQEET5bQxRdO5J5KlJglAimrshNxseS1f4f1cGRuuGpUvqsriLPpz4LHhP9AyF5l5wrA/sJniENpeUGOiT9FCjeJV8IAtJVQDbSyClVWAIrP2UbE)
101085,f67ddb13-debe-4119-93d7-30a5380dcfed.pdf (https://v5.airtableusercontent.com/v3/u/46/46/1761321600000/10zOMpaFTn9Dt1lmNW16Lw/E8siSSLuJiK0Yl9gyFmGR_DduBTMQPxkqKnEXXmwrn56BGeTMGZBLJ-w0tdWqs09Up1cSo_Tq9P3Tnqf5tKxycN3GEpdG-sw8IRQTlLo3ITT84aT2rxisOBbzsXQsFG9byU8dp6ggRIwyraJ7w_kn8g7NCfqPZTdlJ4pRVSYI1AqdmxGBrMQ1m7zwpqRJ48AS3E8o9-C9Se5cbP_F4ifgg/BvvbluID_lmL7CkKIIeUZJ3i50NA4zTszGaFMOTr3X8)
101080,1fa18bcb-2d7d-4891-8f47-95947a8dbcbf.pdf (https://v5.airtableusercontent.com/v3/u/46/46/1761321600000/cG5WBJPWota83u3yScS3OA/G97NeQdqFH0nh0GZ1Sf0iDqmk8k1VBeLUZj_3wGBSas5GkAgYeqOl7FKzKtPSiFJL3JtNkAzZPTnn2l383AjwsuOB5uU7GYzdLgWupsahnb6BUMNd6gn259lz2O4D1gh-fW7EXUk-oDNdgEFbLtUyizIXDaj3F6ecX3bLj55n6ADx-YphlsWy02wcqohNMZcKrrtzwb7EGGS00eRPPDdvA/tAE8uMKt6aaWcA0YepihpLUqUQtQZ__SvspEpWxHFAE)
101083,02314eeb-0a2f-486f-bba6-8fc8dea423e6.pdf (https://v5.airtableusercontent.com/v3/u/46/46/1761321600000/H4vQY-rm_WMOf-tEedCcQQ/Tv-xaI-xKtuIpyozICsNu91WfG7lKaAktgnpXnbY3vNFipbGnP3wYGS7z1ovXtK27MKhdwGW0ayZfZQkwprzbIy-HIQCT-frhERV2fS9np76Q9GeREWh2SWEg34GbhHp0EfWm5Qig7THTXKBmGUWM2j_r7yzG2hlaThvxEaT0DGOLRbYl_JjH8ZAnj9ChiQLkrvs7xBd0GuCB_90vdzJWg/GihcdwRQiamV0fMamN-iHT-WW-OSGbmGkRa4efBDwkI)
101575,6fe8935b-7e4a-482a-a99f-c12bb4588a24.pdf (https://v5.airtableusercontent.com/v3/u/46/46/1761321600000/yZM3gTtSydrEvEwoiRuWkg/h5zFz60fWR3y0f8GY7mMsSO8Lz-ql3-VzQQ2myvTVRnkVALoMH3h3ZdqeR0vCFePPCwfYgkrPQVk1v_GbBk3jdn7gbUiRpgpku0n8n2y-uqZJHYfKFvQg8v0m58_oC8ylmUa5OEUdBp_Bp3vyjqIo6Poox1IOzlg8EN36Ha4lEgsIzsjkK3JhkvHDYRspYdQ4WjZs_I5hEa0CTP7E5ZATw/nvTddj4i6LlLtPKcThLX-h3P8U0wEzRFuA2o48Sf7U4)
106640,53e43d2a-952e-4d1d-957b-99dc2e68a1cc.pdf (https://v5.airtableusercontent.com/v3/u/46/46/1761321600000/gJ2on3bFrnB0dHSN8Pamcg/b8jWtyjrm5qqwJD6j4DhQjR9YQ4E8kz6t20QvVn0qaY6FiukGER0seaZflvINH9lH49oyyI4KvT-2W8dk3xRizyFgdPEUGCC07GqiXcfexgSlvcl2i1sWvs0I3buN71dmTDQ0m1P5dmrBnJ03XEbQlBApK3yu7ogBh3ZtXaUQTkSSkgF4DQ9PgbODFSwKXYtntdjyRSzHnF1PLe_2VTHtQ/2Ahbt37Fk2dVlJ6EyvfP8fTC2DJ5yMJJBCzHojXO8c4)
106641,243d40f2-5a58-4808-bee9-fcf0640715f9.pdf (https://v5.airtableusercontent.com/v3/u/46/46/1761321600000/HQcfb-MIOeA6qHTYkaEemw/5hy-5Mp5Slfp0uelksAjyPjaQs1rzh4C3i49QiU-60B_bon999QUCwumlBoXDJRpNHD4oQWxTvJkDRFbPs5fzgclGG2dHU6jB2Jra_ucpyII9MWq3QDOstsoCf9eGdjuSBkaaw0EoYiVC5jpBPxotgMG1f5v9oJC6u3ulgaKbLIRX1iGZvCUJcLpkje5rR8DSleyGFyuGvcBo474Co9uyQ/DOuWzjKVFhSQ37M2WYy-eLeUSp6td8CWiRIhsnpiFJA)
108396,230fb0ee-3665-4707-b5bb-89dc4478e9d5.pdf (https://v5.airtableusercontent.com/v3/u/46/46/1761321600000/L1Gy3vfZreaIxCqsMPAEyg/P1uMQJj4dac8DkT84JQLqTj7CgC5A2NedBwST6YPy-6EbhhU8iQvsR0Fz0XLkOxC8ukgmiYMSN6YXHxKO_RLx4K64Tj5EzI0Ki573qyOUUNa2oWvIKENZ7PzLXXmqlNuwPDNZuWwTOvEjTiPOT6e6mJVk3PO5WONRM-f6V_a0OKBe_lCba0d9FlTKG2HS-1m6bSe9w6vdPQM3MRKmzoyDw/HrMpa0f9TNflDbMIsoh38PqXOlwsHLdkINfUb24bOEM)
108398,0ec6be21-c9eb-4670-9ebf-0034f84fd2d3.pdf (https://v5.airtableusercontent.com/v3/u/46/46/1761321600000/oEQejt1nL4KlVVWOZ-bJ2A/eufUaPK0F0VEDiCiR7tQ-BV0-XQEkncwhNC89GWOKzP2uIL7fmFTjuuis2pMwMi1keE068ETfpW2YthwzMGpQrjbp7Q49C3YcyKoe5hS04LSkdf7A8wHSSaG2d_a-GSbA1z0l71zKMFQr_5gOQUhmc2hWorRQVogx1QiAyXUwAhAZs1_KRBZs1MulMpZuKS8RtKrvYEb2NqZ8YwwnGk5cQ/X8yP7BPNk-b0KYQ_OeteuTnrwabHddUwTPw4IKcqp8w)
108397,245943d8-48ba-4169-a8a2-47e46713da7e.pdf (https://v5.airtableusercontent.com/v3/u/46/46/1761321600000/vZ2qfWhRQB9CJjvLC71Qjg/FNik1MYR2aeEmibWw6zRbR_qaoqZbrCBQ5ICu9bxMOiQYGQvKtKaxBrjOQP1SSy5YMOoaaedkBNve9M0ziWqVT6a0o9o6lrE4J9VRW0SveYwSaub4Bht6VHv1dZ-FDdlztCO5nXdRJBdjwgYw3L0jGHxNjX6RQcbf0PLZQ0KZHUtuECTRCJVZwPERMfJ_vFbcJpeCvzzjN2I-d1x4XQDxg/_3SxyugfWh6hUNmu7z1sbCP-_5tpEsjwEEHin4oWfMc)
108399,ad0e83c5-fa00-4cd3-8793-9625a01d51e7.pdf (https://v5.airtableusercontent.com/v3/u/46/46/1761321600000/PAcL7QSQAZUDfDqJ7cPJUw/UUN9Wu6eIiKRefF6sRoVIdpa3OS26K-oD-H_eGsc4_3p_3uypx9qSKo7U4_bqNIL8jFHnrNcFMIj1eVNRoF5HMkzexJhvwMtnSiKk0nagc-DUTn_OSiOxmU8Mr09KYl26gaMfbL4lWz5w40i_HPSOdva9Dv9AKUgX5cP6Q9gZ_b4GKzOuHdGIG1mRFHYJ2vv5kzAWb-vcfehFGxkcZ7bNw/7XvXCjmtiaQ-P9IVvzYcHIjtuAwSDf-G1ww5keNv23Y)
108400,aa0885b6-11c4-49b5-b3fb-abb5b86649d0.pdf (https://v5.airtableusercontent.com/v3/u/46/46/1761321600000/fQM_CsJCiEoaNsK5ykQAKg/tJJMEctPuqF9iNgTlKS3vZZF2XB4sbb26wFWyQ-NNAbdWb36SjywlYPGlVTTi8D9FgYmXQpO8vSWbkDOVxZD26NZJnwpklp0L0gwfuHuf9Ja8kPgTykx_o1gFrNAB927bqRnUyV50UYA5mTba5OOugEBo7IPlzitVqo9yZPO5nQstihZBUPeyghtnu0U1Tqd8jsV6sENWjRsQjmmU4rOcg/R6_9UVHMa1q1FUeIbNuYzhndGLLwZCm9dllwdAM3MY0)
108401,3b153e66-01fa-4ced-ab93-411648c98fa8.pdf (https://v5.airtableusercontent.com/v3/u/46/46/1761321600000/RvKYQyLUrxL0pYO4O9HX_Q/iilrNJyMWnG5zW3H19Z4FTW4SOL8y1_M1Z2Ry4xT1vpCzr0kXJS3Y3tq0H67Onr9yG7ACAg8hFC4ai7I1uW9uD1BsKk4iZ8p_l0AZCja2WjFGGfA6NirnLjI4BB6500zFwtqAoyIGUaB-6K5sTWUZT5DcBU5vSHfY_fIm06SsyeSltWY0IkCxAr7ZKSg7qB4oSPMMGsu1YrU5yirS8kHDg/kd0IG-c_uAb-bA0AH8yk5Mfzhdgt25M2Px2EmsyyLHY)
102171,64f57cfc-24b8-4282-ab3b-8415b90280f3.pdf (https://v5.airtableusercontent.com/v3/u/46/46/1761321600000/Z3MuBH35ouZ4-7lVmE1Azw/mH8pweeLujhC8pvt9LIALYBoOTMnODggctEwzMuLeKxoh3Ba58wVwQ-dXRRzQhbti0ItLD4-kcqiXCDOtNKOP71MRHKIoCNVZOMPDRgdzFovILnTvstI9dDoyr_IESbPmGTlWOJGUG4wPozwvG4iop8JapBCeqb1PHJ68nCUPwhls2wq01QBRk-YcMbSlI393NcuETez0jEDijxItoGQ4w/FY21jZbxy7L_IEcHf3tNMJ25IaOE_gVe1nD4VzW5KoU)
95428,c70e4b4e-d532-4651-a26a-32b348f5d5f4.pdf (https://v5.airtableusercontent.com/v3/u/46/46/1761321600000/jitIqA4EFGUAtgS3QEb5Gw/zu0WLSaDw1VcacQb4f_f7tC1kA0VWQ5iAmLFf8n9yX-SnqNxS2nTVHP6mWCzWPCDOpcLal4t9gou0Mx6kWcnDgjJ5W12j8zoJDc8AQlbuLzeZGgg27stOFhXlYS18qbCc8tvN3Ep4zv5soHi9C7qfnajyZ7EO_qigbG8F9lzBwRuAA669ZpYDRC6Ex03dcJDtmsi84a8PabCPKzxRhZxfQ/pPS7aNFK_eJzA5h2eTWMHT9p2Zv0M0OVS6MnqmDC6t0)
95429,b17f49de-6042-4771-a555-4183aa5d37b3.pdf (https://v5.airtableusercontent.com/v3/u/46/46/1761321600000/FZNqotRsHYdV-j8s0S5bkw/RXcsXvvJv9gNWx9RfbkmaeH-yZBoAf-_AsPVMQY0LQ-pZT6ztxfsSBOut0algKl4heDRAfz5ftGit2q2FE5Sf7vf1h9VWsCXEc5Ajrlmj1JNeAV5OgNvhKN1x2xSUfuGJLAkXxrw90PTQ5kDkoyR7kKEFD73aWRKVb5Y42HHwfhUVpBgvReWlIANcAMFiq-FqNEWLRYOh4lfYYALg16oHQ/EmVemtjk5TnJmiWzxENmJrVbLAndh3NATEr0-WGqqFk)
109956,f3f1bae6-2c29-4a79-8a75-0bc34a4dac58.pdf (https://v5.airtableusercontent.com/v3/u/46/46/1761321600000/fpS5JkpRpETuPJjO7LnQ0w/Gn4yVunVFFFpjYSrrPgl_6Aw3NUKE69Yjwui-Q-d55fD4ZBWLUbUx8ukBcyTnw6xZexImdmzhFEhtaHaYL14l7uTzxEFrZAZq6SAbo7yPsfW02PhVb6sdnilcs1XoYuMT7iqvEpVyTqpI_Lq_9y_3GknDUe8N6TqeNgaSADQg6nFZbjGHbx5DIr1OC3PhcSliikDPxc6nq2rx7PEz06D1g/FS6xI42tebF7O8iP3ZAgG-etX9Rl_dnC2mU7gRAJQL4)
38698,a934fe02-f1bb-49bc-934d-d20c667a6a04.pdf (https://v5.airtableusercontent.com/v3/u/46/46/1761321600000/OoW5HHtvezaCMa9y_TSo6A/C8ePIEyLeje049jboxh1Mke132xxyfmIGxqSiFat-KOZLzJEbigw_CJuj1Mg4g3pl1uC1irv33pVs84lWM5XpKd85Q_PcVn-4PU9pCofYamf2VkKpKoUfig-FeyTyohO1qZUh0WY61xWwo2b4FeaVrBsX7M0zwsZr2iijSc9CZ5RIHJF6g0ubnHH1hiwvLvJzi4BoFci8r7QI4D3L48SpQ/KiS5aES5WsPbm_SXgM9C0hyL6x45Oga185o_jQ-4ks8)
38867,29489d4a-6f6a-4d9e-8dd5-fed72fe16066.pdf (https://v5.airtableusercontent.com/v3/u/46/46/1761321600000/8plk_WCiB9tuFsPpgL2NaA/-azuU1bddLZHSySs8MsG_vyjgxLJMy13ehD9vmJNCuEo-ZaQ_btnm62pUHpBdYbp5fYwKMASRQTR7lBuEMQggDHAMODhOeN0mIm7XtkK9ueMMYwjMlnvuVYLis3keKBNMGqe40ezUdjHLJlGbHdVPtXJ2_aC58Pk-0OKMSEg1HItSJUd_25DK5TFiTBafGqQoG-qF1Ve4y3Zi_T05pNRFQ/XQJ3hWHamlui9dMo92JyMJwfP08QBhaKZtv9b1ippFc)
55534,40f6f709-a0c8-46af-9136-609dc78bd28f.pdf (https://v5.airtableusercontent.com/v3/u/46/46/1761321600000/ZTK3b3MRsikP7zsIwcfghw/Qhd383nLNhOQYBYItNhFOEGhBsIf99dK6JHgIaLbq76QccWls_lvGCtrHX51mVuQqqwVHdc_EUzL6TxkYq3ZJBWvwA2AB-SPr1k9j2s6RAKfhmrbx-frFizTmPXA2914o3VGPyAfreFI5vbCPnPbZSnaJoucD6pIQCqtKEZzpUi_drNnmIMxrrO1KH0Nf0qMkNO2Cne-DvbpfPlsFr00BQ/u5XtjPqLPgzAnYPZ3ndqvKrvTnm_DwPFccR6um21kkE)
61762,33be2554-f92c-4a8a-8a35-453713df5c7b.pdf (https://v5.airtableusercontent.com/v3/u/46/46/1761321600000/sf3S7TiiOoyIhUBGILQRtQ/4F8cg31ItnQOd_h3wGvWBJ1B1K_DC-Na7x9WmEgyROBMCwaNlodWOuiQM585XZ_6VtsJSRVeYdv-jx9vfFjW7uvrgdI9KpAkVZkx9toqxmphqLtr8LmCB9zbkIHROzRRtA4nmNQVeiClsx6PfHgCBJZRIMixscKL6CnvdmH-uCIop5tLUTAyGi5Yw4OlEd08i5NdQa4f-I7KvPT0D1y07Q/G3xC-mZKs-97-SfzNeBRAYD1PXEfNKtEYBbdNaa_WLY)
81468,b4c33a73-b36a-46be-8c0a-3c3e2fde3717.pdf (https://v5.airtableusercontent.com/v3/u/46/46/1761321600000/cIy5XrqLpdy3oWnt4e4LNg/5_aWQbCjR-MJ2lWnXHQRjyXQ1-j59_CPqxLydWwsZKxkncD8O7r4qgBmsG4PmxZf6DduiyzetxPW-SsGIyalSb87j3ZrSUfzD9SsI5mnC7vCwZJvyGKoqX58ZrxU6OxVhvYox-37mrCSsEzkoQ2bXXHo6qxvRaRvxBF2wVORB__YPJ-MFxT6pKI_0aTps95TE4TaTklQbLpSqPBMCVnzWA/ekgl9hN9Xjj9ZqRLjH-DAOCgp5WFMJlYFE6b2QhGjF4)
81472,a0782d49-ae35-41fd-96d9-6185340d449d.pdf (https://v5.airtableusercontent.com/v3/u/46/46/1761321600000/OLz4lcK3ldGeRfx2cY0zcQ/Zee5J8DZRzkJvma3Nc0Q8MPol4W-qpSIlGgUP6HUZQBxN77W6GYxFT3bs-sMQwL0aLjUNKOzzzYmxxVMLF94ljpyAjAHff6erUCJkANUawbMZH-py08PYKAc71t1Q5y5t_NfZ1rlXMG-BojsQ_Vk7jZjvX36x2gWyWxv-7ROUGBBBKgNWLJe1cnafKdF1r-0EY7H9k4p5KPSUSvwafv5yw/X4jIPsQbJBD1MrEcM8Ijvu0UE9YymmMsBIKVeOIZpg0)
81473,e4198e82-be79-4824-b6c8-c523d95025e8.pdf (https://v5.airtableusercontent.com/v3/u/46/46/1761321600000/xuinOoUeYGsENa53Wv-dKA/N3MKcAlUKaakHCprHzaazzaPZfAiSIGBQpxxB_VpwqXx5WGQN4ijZxYtJPugzet14nUZz0yPaWYSg-oIP-bMhQHooAhtxfrVi4maHAmthjGfKsjvKYCslqZguN885SOHlBPv00gxzG3ZNsNaMj5BD7tKqhHsI7EGdzypG5QC_SQm8PLJEKloZIGVE3VPuiA-5QY0Lfxh0W5GyYOuHyPSxQ/_OWJx3Ittxotb6Dj5hSAhFpGThwrFYwnuZMj6ItOZ04)
81477,05b92616-3069-4768-888f-76da24454265.pdf (https://v5.airtableusercontent.com/v3/u/46/46/1761321600000/4EBlCxnf_wHCzDYKIEc5Ag/juvDFEEOXGXIpNE7pGJ4J3Vh8m9T3Xw70aadbdzfL1qqED4ePNQ8HL1ABgKUGkVXV5JvosQ-OUiLnv1AIjjw6HOvMtCUV8Y_PcA7-CdflRsESRfGrX4MsmK7ae_ffbgFpFF25WJfQ13hpwskfHf6wyXZY0sMaKOcXWVcduE0I3PuR8Nzlm7zE07SNps0RggC6t2IWMIeq3kcawk9ul3EAA/7X_nsPZ5ZrrwG6lmo68YBsznqIEPvRzoaYrf-Av6D5A)
93078,a037fd5e-04b1-45b9-923e-6ae9ee937a13.pdf (https://v5.airtableusercontent.com/v3/u/46/46/1761321600000/iQ4FYV55-oQgEaxqGYSjdQ/NQfePqKZ0tAsB584WjMND6A-cHTSFa8qJdTlM0uO6vmoTJ0-vDjaz9DfPj88NA964pKQFEb2ux1WG8Az2THwZVgbDsy1FmftFf2M2_GEGDveWQS3KStZshRPJplA7SFKVryZ-GHAn1CrP_kDVMIbAioHXvCk861UetBhPiS_WDUQTM2C_e7WwnMrntIBveo-0ePw9bYNYvSYt1Ws6KHeqw/uuLiLpEMxvSeF2xnSeCal0QrA_lSQ2kSyVUMNpWA2n4)
97684,6dc4680b-a1f5-4883-804f-5bf63a8cd142.pdf (https://v5.airtableusercontent.com/v3/u/46/46/1761321600000/VgfiHqk0VB-RUqeFdsuhDA/VOpefpPv76ZQNt0LmyBjbe7BmjNqU8s17Y-kZSlPCH4N-nTBIAhv3NXSK9xnKTlLUct6KV0PKhUmtrXigSDChJ2VFYWfz6v4Q8X8u7XWQfKG7Gg0SjnMDs2F_iojADWVcf-kK8Um7fGo6g2oHwwivJaXmQqSy4usXBVWYL2ehpd-Q6XF4sLxVtRqYqXXHw_bf_kVUQyM7AAH300XeVS3Hg/6fC1yp-MFyFiI7V6k1qsbxvcJtL7Rv4YzKTvjgkMxg8)
97688,97eac43e-fb9e-410b-80da-ab71c05b7494.pdf (https://v5.airtableusercontent.com/v3/u/46/46/1761321600000/EcSmmiEii4eR1MBJc0rhng/URVJvgE4mfrKtvkv24eAz6l3f4uymVa9jr73zQGcwPPiNyJft6c83Qz8h25LXl4DGkCligsdK4gihnAZhyvGxhG6tYXoSqlodvf-MnJaWn1pVba5R-amzDWG0B59GsDBtwDRaAjlCDEz48vysC_Bn-93CVmcJ0Cp7ffK3O0a94OXqnJ0tSVjs1Xq2xG10evPKeNx6nIRp6eBQWm1ACiMbA/-u9PG5RxUMgsqGIhVCZoBE8FKlouV65L8WdOEyZiolk)
97738,787ba650-e710-46e2-8a8e-94a092a0c112.pdf (https://v5.airtableusercontent.com/v3/u/46/46/1761321600000/kOtRDsBj1V2aF2Iq1gyEWg/rkjqy3-CEn6ulw58ltUXJP2HDH3TpbOjI274uMwRhg2vbNfzVqiQvvwgZd5Ah35xdLZC7Ms26ZujZeCjK9Stl98U8kxFz67XlP8xIHTYM0MaiverMy86Irhd9fqgRSri2SA0hLgYTegaNpA5WOYaSBDjQ4uDb2uU4dyG0F2-HmM0GtEU-RQE9-fWml2AyUJHxigimW4Y2vfzM-IaC0nNBA/dDK8F8k0rjIZwwYLmxXcxOzF50jbfi-26XYSpcAkwEo)
97739,6040d43a-d02b-496d-97e4-647beeec0fd0.pdf (https://v5.airtableusercontent.com/v3/u/46/46/1761321600000/l_F3c_csX0clw4G0kp0Fxg/CCKc5zCDHhz7m0yQj_rWUPOvKfczOOGILRQr965F517JBbKHqF3_xiws_0nM94GWUIvOGcbeJlXswioUKpwIsn5DX95gdjjUjfwVGHDwvIdZYw-ZJzha-QVawSGVoggK2Q8_nLtGgldeXz0MtZ_6-RF7xX-2PlpmZGB7QjbIzAKs0aUEM4uFhtzrqld_euDjHj3wgXQn4vFyH7gVCnm5yg/xoUb71_IQf1-O--ogQqNF4TzA2bFZiqWMxaheW0uN4s)
98685,22107a6c-b38a-4353-8657-ea7866ddce69.pdf (https://v5.airtableusercontent.com/v3/u/46/46/1761321600000/4MNt8W5wqrpIWXvwPWVBMQ/6aqY4Co1Wgu-8H3qLdhOPSaJZ3-bteRxFGg3HO6QSdRtaehuPILU6rUOhPo9saf2y6clqamnW7nH2QnOH5VmJOwIfQ-GfD06LVHiY22Cbch4DOr-KOBfjjPA6-PKy3t9o7yiXAqhHne2Lj7u04JKbEaZOhx1oN_NoJLemfXrJrskr4qkrLCaKrAim9fmk8XJWxziGrc41L5QIfM46GlFOA/0Z5fiemWNCEFoLtCEg4ia0pYc5pL_dNIk_yj5ZrUq14)
102758,fbe37070-3605-4c5b-9a50-030b9d67701b.pdf (https://v5.airtableusercontent.com/v3/u/46/46/1761321600000/folxKyqH_-JhSZpcympwUg/HKGo9BKHJZn-Kdr4w7YpgHX7w0DovN36GhWWaCYoGSpJZSNhlOTxozPcVs1FlfWsXxgrBHjpY-Se6IdSinRd39ZyYOLwlSuA-ZaD4dP5XHd6ENE4OXW-L5sLwzlozgmNS8_VTvTYl_WwLV263z_-kpdYclGYwIoVoleUz2cS9J9LVd5kZgkahzAxVA8ATm6EAImiRFuCFzkEB6QflQV4pQ/k4vPCO43p5f-SSKbQsRfi7wvYreCYb9DB30ugYVTTtw)
106798,39e3c361-d869-4ae7-a61b-e01a5884a975.pdf (https://v5.airtableusercontent.com/v3/u/46/46/1761321600000/PDob7wG2q7SLWOIuDd5BZg/NBVjLBbP5TZO_5D-r36qWaNpDb3hHi7C-GkaTJbuxrDDWW5SISCXgd7BXcflypcZWOzA2xtel2grVJcZjlLvLzy1OsubSMm4aJo6zFIT_jkuGkUwgmmkFivG26a990EyRs6M5fsFOotRTJg1dHWpXZlVw8t6tXgK4-CBvG3XLhSnRIPLDxqf5ytoJe6gXf2Y6ptkJNqtsI-B2gBmABR0Lw/ROjQ2UNPbvosAfp0QOqwv8uy8OxH0z_snnXpkeOVulo)
108048,e1bbbd84-980f-4645-9911-d8a707928581.pdf (https://v5.airtableusercontent.com/v3/u/46/46/1761321600000/EUacMMRDMjhTr2uEVUMHwg/tCbMDG26r5plBG8mVTJ5HlQk3QmbZLVjXwKm8K4580oqCaLl8poEmvxaLZzIpcD2-4hCa7oNACuUnmOc3G8JRh_kdLsjeG8q7GvuUBhHABXOOTf8fJLO1utE5xThAFy5P1KVGQwR-Ja26eehbRONkHj_t5NTKcnOk_8pjlKRghJgKV0XELzRJ4x6VTIDH4F8nCq1s0qT0lL72UTqq1XDbA/TmNEV1o5dEBILmYhH-WnqwuifEFHJJynYCYIA-5mBx0)
108049,242f54cb-df0e-4de9-b67f-24543c068817.pdf (https://v5.airtableusercontent.com/v3/u/46/46/1761321600000/-IQjBVr-KyuivGUp77XODQ/-MJVbgalZXWLovcVM1JwS78RZOrjErSL5h0H53t8vb4CIZOtJ1lb-N1mHGaESo1bueBcuZ4n5TixfnIVZFhcIwaBwsPzl202PGdpFYNrMLm6DVJGe-xGMcWwCHmrPXJH84dxO6aqFdDA_nhO4zYbFRe7OjVdq9wOEccqAazrQVGdgX1s_k2bvetM8xMb3qbZtwXSa5j9DkAfo1YL0HTjug/n3PcUaRHYq0j28S37lr8ZfpbnHUrAF6fsRFBJzpdCNI)
109479,c798a748-4ed2-40a0-8f68-7aa2835b4f9d.pdf (https://v5.airtableusercontent.com/v3/u/46/46/1761321600000/LMdRzyEU_7xCklSK9r-XXg/KLvOW5ZnhUqVqcfW62CDtH5GrW-6Um-xI1qN9JsDquFKdOR0-vVVtGFMKfph2PfQr5E3KZkljvdg3aaukZway8sWqGSp93QnoCFQMLMADSDgy0ttxNd70hUbO3ep6FQJbDMHNw8hUFJJVPNx9A-lMnwBMXWFftsUXwHKtqAeVS7o37xNfaGYmrS5Di2KWV7xXjaV3v1Yii3lnitjNMaOIA/K_IiSUwLjNjB1qCEaJe1k37ya84NdcTa16w5WMqwPAg)
93920,404b5226-60cb-4ad3-998b-82b97cae37b1.pdf (https://v5.airtableusercontent.com/v3/u/46/46/1761321600000/c_qgmC6v2tEDmC5MrZlNjA/IhMbC1REsjESL6x8msLYKrUKH1F544tIWGNJ0onAE0FWhomtQS9Am1_gGhco8Z8xA_Q1v_EUu5KurCv3TPv7hfK_2f-9-EdbTmn9HKWC-MuYSiq4HqU-T6831jqQ2ZpJnb1IxMSzHH_W0USX6H_xk43UDfSx5fyp9LPcsb6xyWyi24ItW3vPQ4JcKFwNd17sIUWbRLnzNADmtBlOumBvug/_IgjPcuymIm4VhP0HH9OIlNIb-liyBDZO34wJY2PoQY)
78177,f26f8c6a-8c09-492e-85c2-59e5fc2a864d.pdf (https://v5.airtableusercontent.com/v3/u/46/46/1761321600000/je1xs0_-xuPm4tPTCWTiiQ/OyzpPyMAqsrG1XsL6gpBk9LUKv1n6UrR6Qp5VLadWyhghEMTPdkxyK0pXxtHMS7VF8_sAjGQosa84qxlku2BxotxyDgoL1Rslh7b0EveqCZAv4ySCUg91wule65YoUqVjgZn3dr2wOlLDYrroVan_P30ulTsDhVzsTJX_8JOLD4OhJHpHnb8VhVN2G8aOAQb45VeOF9CZjkje7Sh8-UAGQ/jfqlGaZ66qwJBf5ZfNDlYB5DznfC4qR8pg5ahzZV__s)
106257,a4b5306c-2966-40a4-8430-f48e5a8f8a8f.pdf (https://v5.airtableusercontent.com/v3/u/46/46/1761321600000/QOnpYWlnFmyVK7Nlmp_I5w/nDPcwNKCpN2iD0UwKCRRd0Xdy8y75gcxdFMcd9DDvyai1gJCvTT2XUMOOV82s7Kz7wqBDPcnPC-iWmmzwbEh8pXftoAjnRc1qvwEZdet1p_YeYHGSE0juFxHb-x61_P7gzdfR8bVm2U1ybXNwM1fWICoyh-Okx1RshlN9zmlpt_veRLaeHA9p_WCWt_aJT9aWp9MucdEiv_TxpPnJ5klkQ/gMveAsvSe4KV3evkrhR8L00K5GD57awdY2vssNGxdhU)
107014,386af834-3632-4595-b8c2-93e5c9fd7875.pdf (https://v5.airtableusercontent.com/v3/u/46/46/1761321600000/wvfslu6SpblbX3jyWBpK0Q/aNA9mNMd1BnF5M_FyezfeKhuNWd1O2GRnw4Zv7INjpgIg_oZVxyHYyk0uRy5At4UdEBZdYWjYXy8b1i9nfZHJ2f-diKfyZ89bmQSyBaNos7hcIis9ynjb9z6Iol1F70rJfTMEiQjESFSpqLT6BiG18ufbE1hGyw08fKhuhjBuksNKTCrnRoPwsVv7s5iavWMDQA4W2tPzQ1yemXEgpKP5Q/MfQOJLBFW0tk81ZjditczNMPje8xMzBmH6DELzWP-Lo)
92116,6899ddfc-2627-4d79-a167-6ddd44d583cb.pdf (https://v5.airtableusercontent.com/v3/u/46/46/1761321600000/woQ6wCZXbdQssRA-il56Hw/IWBEP8drbDulOTKx673Cu2yNYLl5HYcOgpcOoX-we5RGSE8ovHDwwwAQyF2YEOwCc_AHfkvWfETLlQz6CEKz4ej5jVAagD4dAbRfbjyzhNCGBZBfiGi28tKiY98MBPsFZClbenFwFoKuvJTkry3rtirFlfmnJmS7uzVO-CQSbBJ6ROqkVsdSi20pDuz3-zp2Y4Dgu2_bekR2enaSVa2hYw/BePZTvT7OKqYMDnGejJLXLFWTDtvf21-JE0nEllHGME)
87824,5b4a3978-5a5e-41de-b19a-12dfaad18a65.pdf (https://v5.airtableusercontent.com/v3/u/46/46/1761321600000/wKdhsqM3MFQEEzQreHxsXA/zqpp9XPhxwhpIGNGd06Zj7vU_xSiNKAyjveQJBD9-agwEcAMQu2q5va-cfMABYgndhpuPGJ1R8Xc4o-77TOWrquShHPUea7lWLpu9WSRRfpHXO8guzI-3tuDfLu60CGlXRNfLmkzTlNa2Fd-npZ7G3mVgGK3oy60fur7DsVVGtRVtXgxQtwjCrak7RwBqEf6A8xFs-UfJnvYbJjLP0IMvA/mil9zb3QRF1iv0aiCLu7myPeWqMOecaC9RLUhGIcdo0)
61870,d4d75bfd-1a52-488a-b797-34c074b864f8.pdf (https://v5.airtableusercontent.com/v3/u/46/46/1761321600000/lni58pf5VDtJXJhB2I3AKQ/gA9-thclvfPchqXtn9sSgqHxzYUao8bnoaKe8DXviJcN97-_9PeuaamzSyrzWV1EHiz3IeBc8CXBBnboUj7bDJGs7EczBQAVbZ6vq13ThDRbnIkHDLG_o-MejomC_Lu59ndJWfAm-Z7JwiDzpHmBcZrsVJDbB5QUA5njznIMKjxtVg1W0-Mgs7-CXuYMaHpA3Ba5UzB3xmzwZWLi_m0RIg/raCiKMXu6owP6DgsyRqsAvYRWsDUGwsdDFpTYk9I67o)
99355,e6318e0b-a09b-435f-b7c1-1a9dc1addd80.pdf (https://v5.airtableusercontent.com/v3/u/46/46/1761321600000/tYT2wHgBvgti4VoCO_N8-w/3gelfoJcjwHB7hc0KCvRQl5YSDyhfUmE4mys7s-XJX8d06ya1Tni4ajoJqxpJxryWK7oQ7N2vsFfxKr3voe2W2YYpESua7oB5KS2q6_pglsRr7l04aWKgX3DnwBUpqyaD6pYY1_kVcwnevzteYhjtjVRSdn4ykuhLOLLsvsBWF_5MBKl4u_FbWdmkliveESvpvNR0tPujHBNYrlY2uZkog/1BNL5I-f37uhVvvKclKoFXexS6nlEx1VQhY0DVmC4XU)
105117,6918f9a0-4eac-418f-baa3-a7879b081d0c.pdf (https://v5.airtableusercontent.com/v3/u/46/46/1761321600000/sViCdKol4B0SUaGnpOxqcQ/19RwFG_Wy-VeV_z3siZKe7MNdhvD5GBUopgHcHs5UKeGq_qDWwpGVJ0CtFMUhQbiUaKCgDDNhsNMrQOv7YEOz85ncjy9gZUXpuucizJzMVyVzWZbx9ap5HYEIh8aoZZRrMjDkKcyPCefufklj6ME4Qu0JEicA3RLsgem-JUArvIuptYJqMtyr5uLzexCNnT7Zg4L0ggLQdDbBnjsnvrHJg/oUsNwf64VKAiKOhzU0qVq4DPji6Zvz2xNR9nKwwvqTc)
105445,44c881fe-b5fe-4b12-a580-73bb5dcb29db.pdf (https://v5.airtableusercontent.com/v3/u/46/46/1761321600000/ud-hxY63-24ahKmGKFmdxg/HB_JY58oFM0t7EloG3FHMGHz0BdggbiK6s3tOeKhiEtoGste7CTaq2EHfJn0Q5IXk3DKQtOAmLqsGUJbN2T8AZuaiVZhkKkI2tSTcxMcfPqtcxVzWvQv5VgsuMFPCIvyBSBtvzOEa-JdJAk990JTWR5T-JSzKpw1vv0AfXh1AyU3v9JjkqORQVXOrEhz-_Yr6-xNbIo8ICFhPt024hbKNg/Bn47SQt4h6pDJn_2uzsmuKt-878dTRQtRYhoyLwwLQs)
67537,b4b7f8dc-ea05-44f2-b1d0-14d9f7ab129d.pdf (https://v5.airtableusercontent.com/v3/u/46/46/1761321600000/LudGwj7hR0KgmYrIbJYWCg/li11MFVkaeYu0zhqSadr8ht4KIgIJeZcChB4kdkIa_HMDocoxc_E32qxoKyM2s3ObBO1FWR3OIz6GNG7g-GS_TF20JWk4Gs2X8cpKnW9zZK0w9dmDphfn9bjIKjfBYMa_hu1RmvmcPtKyrZWdhVxDTz6dxI0Vaw3DzFwk-2fmwN7AS7paj7BRnSKTzFUdKnMe-k8ByGvNf5ePhWnf46KHw/rjXD0fme1zHuvCqp8g6-h8j0bvP3mrtCsJIOGKmMMvk)
68814,db7ae2eb-cfff-4431-8b0a-1af574ae2313.pdf (https://v5.airtableusercontent.com/v3/u/46/46/1761321600000/FNuZJn0b3WkUWdfTqizQ9w/_Lz_Aj_9ktGNtheXcGThJzwLhTagnlWkeMezsgfJIquBPq2ftRgWeQAAbjogT4DCt1Q_mg8dleWIHvUEWWziGmdgRF7b_qJiOvQ9lqdJcC5lzwMWCXSUKw-WypIecMTR_y-uDixSEev5A5nx3TcjLAFNdL3gM-nyn0oZL4QXt_FRINrWFcm4VX1aG8VYYo_DZVkB0AG10XzD679JBS3i1A/yUt-aVbH9llEfHyl_e2biNb5bBifM0gx4IZgtzXB9Ds)
75280,60781703-5ca8-4c7c-9cd7-4164bb737e4a.pdf (https://v5.airtableusercontent.com/v3/u/46/46/1761321600000/mi1RMbHMiWywTVuqAzd1ZA/BZpkxtiBG6aHa6zBSyslaieMdcuflc_AIMRyTt7Du-blsjBxn3Ru48AzHwzJ57SNAyyRmAF0QJuehG4sygNd-W0rTNj3gfrIjJXJez9bafokLJwK6NnvgbL1b_tz343Qd_Jqy0Yh94I-Vtr1lh7OdEwrF7GJX2CQP8drZ6wfBDrNXOmkyZ64DHY5GmyeOQbwIZ_oFSmvUHP7ttNVXqmjrw/l60sPhDXjFXs4GXY-VvVndOPQfQMe09EbF9h0Q2j10o)
81324,be25252b-93e6-440c-b013-74e1eb626516.pdf (https://v5.airtableusercontent.com/v3/u/46/46/1761321600000/2hvVb1kYR4SQqt4qpYwDSw/rUAfmdQnRQllkulWTMYOoVqnCXGJT_j2sfM12toe-lua36ZtzcdEaLu2zGHZeJZV1mBRzatW2C7rZJ1yvyBhgxnS7JppQYGasCW__KCstM5HpeZOhxStpTGTwcYeI3swphHLb-G3pPF1WBB9ZEy2dZvIJ0HtIf4iZwS0eJ1g3A4b2DvKH0PRlGBozZmUOEu6H4hAKUNpMDKiTNfYlHNM2Q/-s8kLGyoEd4_y-BNp9-TxMJlLU3Jl_zL88pAogE5hM8)
81467,a20803ba-cec7-46e2-b0b2-11e5ba2f4e93.pdf (https://v5.airtableusercontent.com/v3/u/46/46/1761321600000/iobTwdlEtMT7Hbq5IL6sLg/8sSs2NZtaVC1tiALbE91dI0n4if-7hXl_nvNMKZZtGmHxJ2z2dAnzZE2QxZV95rotQOrmKg2r3-XlSBS6ITWAkuHPCv6V4t1mWA9yKEmYfEiaxFHcRQi-XkGN38nSwMjYbgShAQlTpSW5R59URTyqQ8Q6yj5NfrKsnpsWZYq4BYMZTtWahq8T9TmbWBGIF_d7P2ZPeR1RwkJm-xx0685xg/0_XrMr39m-hRf_bov5CkLeuCIkS3If0GLucnO8sQ9po)
81469,23faa945-0501-4172-8299-774229d90466.pdf (https://v5.airtableusercontent.com/v3/u/46/46/1761321600000/rIUP9sndkyuITL3SbXjOZw/gnn1ZVsep1HvmB0dBbDOxkFWjVEsqWh5oOf-AsnllK0B8YNwsvh_uaUBzYBLVdZmPkYjsKkxcwsb6oXztbUggpxRnqwV9CfSKjQYd0zIlcqj9FEwBsx2oyYRVWPNzU_jSzRsCfsV88EVbC8ScBgEPJZdpHrHMxqinj4BSXh-OTfs37K-RpwOTrCOO2XdUkLq360d8AFpz5G29DBOob0KFg/tYEsGRdC7VG6JAFiaqVO4FgnPbchN5zjvqq4pmk5IKM)
82894,dd086467-9d33-44ad-ba6f-c14a3e528f96.pdf (https://v5.airtableusercontent.com/v3/u/46/46/1761321600000/xf9Wd3pOCEaBiCp5v6BXaQ/AgNClBzIvsAluZqCGJN8xzrHp3aLdN1p5jcJqmLBYZyjfPsAuK6EorwVqA5hDckc36Szwbd312KkgiTLfgfBsJIAjBJkDGWO8JlzakuAtIvbuFn3NkBUhCWpRJA25WpQfnFfWWLt2MI4iWLXatbs8TpAESgihpUvFFoI7gMIGBerz9mLF_SPVJblbHGdpVZur0ANb4QvJ6uCCmAVoHY7zg/xOIinbJMKAQ0nPg4lJ-bxT6QVyuT_DBnCIYIYc7kFDk)
82907,ee991d73-83ef-40a7-90e7-2f23aecd8ae8.pdf (https://v5.airtableusercontent.com/v3/u/46/46/1761321600000/vCJOQKhsre8Qxg0qjRNfLw/HdWa7WBAAo6iPBksbbBvU3nq7JUHsczwF9nCBJ9Ii-oaXfnnd46Yo6GRU3tz6F50YhwWB1mdWtI7Kn_XM1u9pJpVK2pAYt9vEE_u59w4CtXj0kt_kkeaChji2hzZ8cRE6xgXsP05B4ftE3DlcpjF8YYPHcmcp_3oOT51jkBVlD5bh0kFhaSuK2YHMr7a-y77gSSg8CiX0G-6Y0hH3v6mfA/V0hBhhXL4RSNLPWlC-i2CD2j18kLyo4cuGMZrarztJw)
82912,4105e670-4dbd-4e16-a2be-a81f162d5788.pdf (https://v5.airtableusercontent.com/v3/u/46/46/1761321600000/MVp8doUqYQ2PxIHzSy3leA/iVeZAKVeN_PuvuAx5SUA4FFby85I11HklsWwoc7twucrj9h-bUHZh_60DX4ijGwhCFGHNYYAhAg8U2fzFVzvx7E6QAdLElNEivJXrym0oN5YZAqakUjc_HZ2WQ1_p_X6UjG-0B18efjtoqgj2_rDaNgXjxpeHvhJtSZ5ya5bqxZY3tLuHY9aavtKA0lOxTssEuBZHREwqwxfp2_QvKe5MQ/Tw5zLVn4gWc6bKtXCJMLzYzeNWBL-wz0gRijudXfzUI)
82913,14fc5af3-2f9b-407b-98f7-8f97833ca94d.pdf (https://v5.airtableusercontent.com/v3/u/46/46/1761321600000/pkP032vdHHMyGTgjvqjofA/1XnR16F7IuQx9phEOgyIwfTw9i1kNg-tJ_WmviA-PbyA-CrZwIkgoBvm5oQZQ24uw1bI7qE3gxc-7IYyu1aozg5QSrndIP71MnxseM8NjIuBYLWtEtEmv7AqF1mgOa5bEfR46y6HYnAzuTuFLRyqADwje9QGJ_4kdj4SLUp0mLZz8cF--uNNgH3ZFC2ZUNMX0x-X1bUJgNutqVr5QWIQ6g/jNIATpu8NujPmEDgCfsONlhOATh7ddJRro8b1pS02v4)
82914,b701bc61-7cc2-48e4-9fae-379c51f957c5.pdf (https://v5.airtableusercontent.com/v3/u/46/46/1761321600000/9cq8zxwsbNCdrK2HDbK7Ug/luz5JVVzxPaDdr6vOFhe1TLQaEdbCadO10y0TBbqdPSCDMOTq2T1bc8B26SbYBvjSqSzWF2qyEF8wLckjQ3eZOHNiIXtc1WyZ0jJBVibxqxya1J1rf8GS5mD7AcoN5FQJCu5MapE6sgRUsZsuY1UGIWpTbn4VmBzRgI3K4TpgmCJOoqGzG-tZSUdKBh9iUch_4BT4K9zoKhSijh4Sq-QXw/NWG97ezLcSEA_tIlPu9Zh98dYmuzPIlNKzOf7OKMeQE)
107440,c5854144-7a22-4a55-a50c-085d27dc27c2.pdf (https://v5.airtableusercontent.com/v3/u/46/46/1761321600000/C67LVA2FmruOKg1iNW3k_A/Ij0SW3AUgv9qmkcpuOHrZUwEEZsMe2tayB2euxudRUw8PF3QMAoWe3Ml1VYIVHKi2btAyaq-6QDQk4sFUzFUUsJQo0ocIxFikECBEBkI1jDMg19nq1D9GRBAVGHtdv9bkMxFcAkXudUDqtdvn4j-z_ySNrjRnGgXwi-XajRwSxveQs3RKyAqryoRQcHtfN9MjZxpEGN3sm010oLNfYdygQ/BLb5tpzhsUcNa7T6POuoIcsSmIjnuQMti-npebjo31Y)
55242,6359a715-c7a0-40eb-922b-7121989ba02e.pdf (https://v5.airtableusercontent.com/v3/u/46/46/1761321600000/M_Hv2xJ35hsQ97CmFw_7eg/DTGjOs4V6gTnSkB1e1f9bwOOyV6nRnhRilY80Tme0u3eJ9uRAavnP1kLmLz8IuC1MWKYjTEG9iY312EJzjr6R0sswyTHSlLJYnBpXdVy8iGeAdEaVw91JnoMX6bZlpC_6ORAWUvyQxS5IrxYNGWoe3AauDxrlUy_ywG03PjutMB6kBXWZly0qFsyPsOhjxSVibNqdvXybCiacfnlJ_zPJg/m_ZPupfRlB5jtMiIOFjXZhlxHvBbByA6gL1ztj9Jlyo)
92119,57100cd7-3b45-467a-8dfe-cee0145f6d1f.pdf (https://v5.airtableusercontent.com/v3/u/46/46/1761321600000/Uc3mdY0ZEDkbd3ya7q-2hg/gtMXvMR4WPrnszYyjrYAu2a_u9FvVT9pepLeOiHM8UPUrWbzgItP6aosxNc68c6IqoyYdrLiZP8KXR2HPAClhOU2i9xzkZE3ZGEfpJ9y59a27NybOtdU-dvJ2fxqwa0HCrh8451EXTV984CcEnfSCfLQaSEeojL8WDyUjZoDo9Cbf-bew1Li5XepnkSM4aeM1G1_bctXj0cEGkw3IUG0tQ/gGv9IdNEVmB8rVO7zTDwEWAbi5WWGoNzjWcGpHFDKtU)
98528,d6cf5667-a265-4093-85da-d1c704a66f52.pdf (https://v5.airtableusercontent.com/v3/u/46/46/1761321600000/XWOwT4YFpl5Lg3q0euNH5w/Uw-P8mht2rdJkPFs1b2DvlA30uk0scQCReL6T9my7Dw_0XD0vtCz2EiYvAWJnKiT5wC1Gad6aDEsrhyDcVz1yejv_7aNnuhBJxOzZsQHwiHBA6gZH-qRJYyo_b5yHEglhnjGktW3Sx_Egi-xItw6vJr-JExmUi24xj5rSUKvpc50a5iAZIz4nEuSGZE7JZm5flAWtMu3fjW__LYAasvgrg/OytbhgX2BZwToIeJ-SvIPz1erwnu7baE1L4-1G1eJoc)
79196,9498e40d-27ee-4d1a-b561-c2292b58d1d9.pdf (https://v5.airtableusercontent.com/v3/u/46/46/1761321600000/mV5Pkl2xtKstJ2YtXud5Ww/3LFoIbxoAjtAk99iK4PUx9n5AMjlL1I0wjmcYELQ9hgJdoRQC6Ot8A7FIbdkZxqnwX1qazq8XlpmSbxvwIRNmoYJ5elQvCKDmBLsyWWhVcqi1AV92JH7GDPEBgro9dKgxrh22_9V8mYdGT4jpfVerBSMRVdK20XWhyzEUZxJoxgOHBoagauV3xXoa8YKwVZfCUsntiET05ZiXeldCZ97EA/54up6OKO65LEJOPe2jBef6xdI62PrrKLg41k82VXvN0)
95296,4dcd75cb-3cb6-4dbe-9809-ccf23c1defc2.pdf (https://v5.airtableusercontent.com/v3/u/46/46/1761321600000/CrFdmWHUDLa4jQZDyePJLA/Td5EMqyetffHxpe6ya5E3XrTZiqF7RrKn_T7YOSsZfHIBU5KyWGW1tl9jMRYhaG_oeym8OSQrdIPLUo3nZiMVdonppmvOVVrFbVFqARyt7KgV-CqQBjwuC1DFzXMt8jOl2i86TtXM6pXcsyKp9DasKiwyCsf5iuvYvvHHVEntIJdV-D8C5BuhM4yzn0rgz7ZIRLv_LyT3lASoictW5lYTg/lXuQYRTIWqjj7_ZWPGIm5Li7QgOC_uS44CXQh-mqi40)
67024,f3ed47e8-a886-4aaa-b13a-83151a731f1d.pdf (https://v5.airtableusercontent.com/v3/u/46/46/1761321600000/kykrAlsljc22f9PXzlMaEA/5-2VsIP5fZexGKjlT2RjJcG0sd5T8as15RENxNnQYWVFeRoCOjAL2mC7IW9GiOeqViDNktxdkS1xaCLkomeML2weCKqP-jYNRhlkvhthYeKJ1ZdAudalBalSAK7GQqQkI2mewceDWbJ3rHbALAkVllw2IYxT79MN-0oNFYZVnjOJPKN1ftSXTMDI2dhg7nN0gyCYoF_4wHNRyw22Z8bXJw/Q-xue6lN8DfaARViNcZbKQmbWzQbPZXJRnY0nMFPZTM)
85920,eebd7fc4-57c5-49a2-8c2e-68fa31eca951.pdf (https://v5.airtableusercontent.com/v3/u/46/46/1761321600000/WQy_OMtsRe_zHej2-6qvuw/il8tMYy-cc4kHiaOucKCT57znH2Dt_aHdEZ-nrt8oOc4mppMTFEuIbHLJqOmq6_-3NyWu_JcbezPydp5rOAeCkbiWmaxiqbliKaCqQWLa8yAtm0niJNbG7J1gGMmRxbofBEHvesl6BI2WFXpnfbIWBztXwrtcrjhZCJx9A3GOH86I44NOzfs67K5mos36DEDQcGqc7YJ6fTfXDlPBt6A0A/G3jeh-EdLXeUfRGmYFvCacpXuPHRnkY8-2Iqp8sLbek)
93901,fa5ed499-18d0-4b56-abf0-3c3d3c30a81b.pdf (https://v5.airtableusercontent.com/v3/u/46/46/1761321600000/mnmCyGR7KT4dq3-YasnKgA/snmyUBbAAZT6LZMvAH7aDXCKdZV7x2ccZ_QyXCjafpeaY_Q6Sjxda2Idnav6BgK2-QWUB_qt_G_QBqo2Qa46mj9E91n1stCbGk2J1bPUWyNF7kqX2nHOlINOi6NnBiQcibmwjJFGzHzdYt-IryP1jOEZlgNMYvYHdIDUaLwOWtmGn3FPa4j-PN9Yt8VmJjNZaSPEH-8BO1wbUe0YQFZ27g/fyFFSb53R-tRtY7AWKjPE8INJ0vUt12qFRNHhSw9mfw)
95319,77ce4607-4f78-4dc4-83b0-32d31a21f5c0.pdf (https://v5.airtableusercontent.com/v3/u/46/46/1761321600000/t9EaO7fPjzucHIpNuaArtQ/xrW7yrbFaU9uB1XPF6hxuhwAic-f-Pd5P3X3NKoneuYaCMQzTq2UaeobWibze1wAqnvv-wQUdOHcwxzkwZuhYq9z4vm3XYZ2W66a_onDch_ser6ELKsVYKtlsnxj7caGSFISjS6-YS5NecmjAYc6r5oT80coSocq1BD7oocFp6JmuR0_H2vwOSMxr0i3RN7EeROtRKaNd1kFcqIeHUCmdw/KcDAudwNCI2Rx_C9hHKUJsPdtovLtzkrShH6oCyeecg)
87291,d52b5bb7-ca97-45c0-bd5c-9285a1e0b0e2.pdf (https://v5.airtableusercontent.com/v3/u/46/46/1761321600000/xnRm704lPRWzwFcsyY435w/v4hDkYagDndr4PjLb6o2JT7tiQ8kwfMLqzJdTT57xIfRw2PMrzVkm1C1-bkxcREwJyK-fz37XIywURpjgJa1_zxQ0xAV1bduEQRBX9DQXpNZn55b-LLjHS1zSVAEKbqxCs7V6T6XH8tti_JZK3KhcOjP0g5CGGrRa5QGfGB7g_zMdCGoFm8BmMrOvPn9NkaAtJ574euEwn70zuTQNrPklA/7B6ZqTqnBRy1LK2BsCZMif72hFfWTUEPxWcHR3oAF2A)
95567,929a52c6-9b7c-49be-b477-8c0f34a4c392.pdf (https://v5.airtableusercontent.com/v3/u/46/46/1761321600000/P23oklekrgYIjEGMeqrKZw/3kMAWEByRszVf_5h11V4ovMzVRrzsaSkI2udr-YsPMUmt5IX2XyaRSINFGFOH3nzfjsY9xiqSkzjxFyngMM0MIlCd01RsoD3E6dTK--jWTwAtq3qGavsKByQukXo5ZYLd-VWR-ZJJdQjq-gCN96t_OtCT6HleUpAg9lR98DzVBHmk00JI_atTIjUxkcf-bRb6CxKnOK7oAm2ndtceAD_2g/9CLt3rGUTEXYrcKdHplWOdSLt0aUiZ3iNo4drXU8hm0)
93079,cbd1da52-5714-421b-b408-24e43edac973.pdf (https://v5.airtableusercontent.com/v3/u/46/46/1761321600000/TnuxbKNKLTOjw8Yz5wARYQ/hJiWhCOa8xu-mhKM7fSir3Yg7C00awax5t5mOTlHrwSSVd3ECQ-m5Tu5GNej3DBqT67EMUd5tsi-AasQslmBinao4OkO54Vp-4Rsa0lCdEkxhuhYP_K9KmWZf8QY-F7xWagCAtj9S6Vtm35RCJc65K_WivC-We7TqpAINyq9TJigm0X3W6CMUDpF5Q3Zola-fKDEpSuv6KY-rWa10RPBsA/jcssT56-b21Ra2PfJSOFK2H08vvI962IgPl4jj8WGRI)
81962,8f654e27-f7f0-4a05-bf7b-beafea337560.pdf (https://v5.airtableusercontent.com/v3/u/46/46/1761321600000/nOV0BnojbrgcqUv9MTPawQ/Zrl1l7i_T0ZIx5EWSYEaJTAC81sfZrc-vHG4sRzyeOzUKRqMTLeU95nEQQ1kw_iqxS9HTDfCunQf6sJvoTmSRbIMiua5FWZ1_0x4e7KYy7up8JGkoHFHSWnilo1l-jczRguF1pYYFLQxNAf1u5LImtDBZ1414Ar1B4jG4W8Uw57fuIbfI48ubrLsbA7GDow_4bT91NiTWUeZjmVxWOD0Eg/nUimEp8AsPUxOeRnycGlWGeeIpjBL6-uvr5cXiXnYm0)
81595,6bb4ee88-fe28-430a-833f-0620cee5be9c.pdf (https://v5.airtableusercontent.com/v3/u/46/46/1761321600000/m9SYHLmj0MuWtYYioFnMbA/BwUpHSWttYaej3HJH0j0dGNMkoMP456MGoE0U7r7bY_6fVhA8xn5wwCIwMcUch0UCIhjfvtUtmfUYTi8JCEL27ZWG_LgNf6hgbp1Vb6d8ajAQpnhopI2R7ZInjv8Z5RlmMd68qd9ObYCFxBXVEaZSKg9XYaNCm4rLgzsCxpc8OUPoAjt3bg2b_6VG_Md20sGUUFI47tz4ZEe4gNMLr0e4g/sHvwRvB9NjheJyYAF-hWx9aSaGaO8iNVp0JXH2inrHM)
81594,9ccd68dc-ce8d-4f44-ac01-bc702c45729d.pdf (https://v5.airtableusercontent.com/v3/u/46/46/1761321600000/D98Km3hHhn26RfBiD4H6jg/LmCjzjOuxKxnyVm1Ix2u6DudxxR0mR26SadRbNbGS-va3JsBKaWgU3uyGyWDIhstaRoFeFK62VkKDlmehT0JkmAzxj53GwGanGwCxII6vlBt51Xu8FKHygLv5gQm9WMDNwLRwIDa6SZmDXyP-RZ0LhQWB3ZGzpUr1K_wEwCMwZmw5BuJCAPSr9Cr34zA1D2oqcLDTMQjRC95w67fHZwe2Q/hzJpx_aFzYuBeFLiHhmpQX0rvG7fI3GG3nhvQZb4Uc4)
81592,c71a0a1a-2b42-408e-b178-6d497f2225e1.pdf (https://v5.airtableusercontent.com/v3/u/46/46/1761321600000/EC5fE_f_-X8nQ3Lf70U6tQ/oT1GAlY1QL27QRxxB1N-Ex0XTR8CtuJ0TKCYH50zAGgSs7ft-cr7yVO3Y_9pVYT33XUZ5lJ7m3lsO_51FwcsQ8yd2nQtrxA042YZtEYk34VH8GsS0X0-o7N3QyF4xioONWhyg0g8-pSZPrc2KTbx8VRMQ4AxprHH4sOgqkp567FaIdAnU1ViSmunklZrydNSf3EuZeHqSdb3q28AZVqPPQ/iIL_VaSiABEVEwcPdfnAl6lkOtkuTJxQobdHW9mgdxM)
81476,f40831c3-b881-457c-ba90-368c92f06d4f.pdf (https://v5.airtableusercontent.com/v3/u/46/46/1761321600000/2f37aVYQApvL7Ewb2fXVPA/DlZW_aUmqUdvCzUonM9fJsOH0kNm_7XQbOxXNNsQNCm89dpM4-lYPfUYc2MnpJ_YWiFJM0cl2XtNVX3SEUTmRk_XMdeAoD-ui2Jc2xDwX805Er9A9Wf--DlRRBj_cV3TUlzoZtvZQp72FUKVn_EYREPU08EYdERGdUVI6BmIxy197vQO-soJYeJnn9otn0hBDFR8RYJ-av2rUAe-_6u3yg/b0GFgN4zKMMysIH1EEZUfpFLHfvHAV2mcKABeE6ucRM)
70815,f17c627f-567f-48f2-b8c7-c6c78de47f05.pdf (https://v5.airtableusercontent.com/v3/u/46/46/1761321600000/dU1B2Ce4-s0Hc8TFGxxzYA/gA5gsTYj1wahtXbICsh9f_x-V5A9RrSGhADDpUYj4EbqEx1MRRpqNS8WAMw8nt8N8ezH39UWdzVatUS1JOsVU85phvrT9Wuy518axMtDUeC-R0jsx11gqrHZSvC7HDg2zZiHB8NxlRQ_hhWB2j4tJRE-VBMPKJprY60WLLIRJQ0XS68FNAKDGzHiX8kGw5E9-0ezMlELOFcUX6vCZErv2w/1vwosgodJ7hBJENwOQ9X0RJbok-b2iGI4AgIiyHtbZc)
73131,78fa49ac-013e-42ef-96a7-97d7932f56a5.pdf (https://v5.airtableusercontent.com/v3/u/46/46/1761321600000/dXcgeGa1ZUtD5efv3sT4Iw/we9JXPbYHirkQqsIL5YmyTJDMismCVy6cywCq-2ERSvUbE98n_oqfoNFJ63cqkuq-k3TW3RRl7q6RHIzajmZS6awL88H2CzHeOvVt0-cVRL5o5qBVa7eF7zYECvzJBfORCU3ZGAPD9o99kCBb1YZBoRUJRhYw18uGO3vM6yBlDb0HaupLJzHrpDzGVoDN0ayrGG2EG87-kodjk376bpw3w/RHqbBDAjTGRGktihHNLia_KArYDtD97f93JdcAEzrsI)
55938,9ff84a67-77a0-4c52-8122-c1d925c4a50e.pdf (https://v5.airtableusercontent.com/v3/u/46/46/1761321600000/O9-9do1Q7faJjNC-JwErOQ/7MLzVslrm175Vb099ItCzdPprlsrXiutTs9HM8gjJBHYGL9gnSlSPOQXF4iMkbWtigze_kIlLWIOz-eD4zFkFQdU1Hk3fViicMWcUoncJ3oD9_bwaHGKq_mf-FKzZk2q2-gkXUPFL0dodbUyTuayHEmdiM31XZ4cqC1XQgxIHf1j-YzaKmcvZL4yD4YUVVR4OwOYLUxNEdO4JCQSp2GQbw/Zzbj1njDG15YKh8jT0d-us_EEPeTyD9oTZrON7wta74)
49821,5df01d6e-3de8-43f7-b660-9af57a29c816.pdf (https://v5.airtableusercontent.com/v3/u/46/46/1761321600000/VV2glB18YgIvtl_PhEE1mQ/_anQMjwThHHKPYL8iY5KFEGOhmBOK_TGNiySeSVTLwKP-acJb4xLpVpBzNurCzHY4aFpfsGQjNnI91CAnTPICc68ejcqdObLsJzYTYyVSmWtILY1k0Lhhe-gmUROQDNYcSCqDIqvr1VkiEZ3ksqUhv-JTVy-YCctdPcPeeTCeMhYnLuKu8RMknIyAU_dwVjL762xZxFsv-3f6KPJto_CBQ/TaDkWQTepNSGD_1YDXwd8_1RnwdXStE0NGdxitdSycE)
55931,8cef8ffe-fa01-4ac0-8b81-f2c421591cd4.pdf (https://v5.airtableusercontent.com/v3/u/46/46/1761321600000/cHrhHwXzUy3DO-f-mZdy4w/ktFZhUMXcTyO1Ox_wKZsSKm1o467kbquLqRyfa_oBXERLrroplU0VypBgApyeK1XL1Xj7rVkvPlta__qHe8G1i95MJS-62ihukkiGJtQRutv3K7RhdZPCYdg4C1SYTTJkvA6LYcIg8TMRvo8wjZEIxJAteo6mh4O0yDuT52iZp2fYDnlQdYlizLo0zGu_aGeTMQq8X1knhwgvAahNi5LJw/MYB5OEjY7bmOTuYJf9SUPMppC3_7TrjtnJLGzRF4kLU)
52626,4652157a-a39a-473e-8044-40f66470ca50.pdf (https://v5.airtableusercontent.com/v3/u/46/46/1761321600000/EbvrAHPbYYM9cuGVJ5VBYA/WpBzDUtGyXN3miRpL5iWOoSx_m7kMUWTZO69k6WmqmOGxvETlU9Eu1o0RFlCg8uMCJBkCAHMzqIGFytaYcaQA3dN8QnxrEm6I_tpWBnnfySAtmv4w0wufYeyBzkA0n0gZXrIgpCdLjOU2iCwckIOlfy4NUTqmdF_PvmnpzzybTp4llcTPwep-YiipTVPycJDy1-a_MLcnvJHK9X_QfUElQ/UuEoOrbKnQuPVt85mOttb12otj5jLKAkDpEdHFUKHg0)
21998,d4762d39-3793-430c-b815-6648b679f1d7.pdf (https://v5.airtableusercontent.com/v3/u/46/46/1761321600000/K3BX_pYFjqhAETSIeBGFQw/YcH6Fs6avJE4xuhgzTQ2pgwJSuM4xVaeck6DzcuTXgTmeGNvXZcTYkDsVpc1ZqQnqxA3hvbtVIK5m57hZfgvjGzRqF5-UQk_8IcF9zIZGF6andg9WDay3_j9b8geXG7Gmd5Wr5Aej51PpAcIp-Mrt9uuyl9kxGp6HCWATgWxH0RPStaSyLhxs1cvBclhqIspJkeMw16-M9Mpa-SA4W67uw/GNkJAek9Mk971It_fQDBb2J-S_ySLfRgs9fsJs5RM64)
98694,9f59a9b4-5c8a-435d-8d0f-44cbd091a380.pdf (https://v5.airtableusercontent.com/v3/u/46/46/1761321600000/5TZz6YLBtADxXSyGxTctuA/gXxGxDC0XZ8wKFM9KVPrfkMfQ1GgsDVQFs6DQrccLDtG2votdR49jwWS6WXUf4Bt8EDWBaFa2dfnkeE7-5ZsVQbhxU1asoil70QNHI1oqTYKLuVSsfcvrGQLFuKYPkZ4D704BWU2w6VN2Ip9bUYhezau4T2I19s6LOABQSEvLmw4-R9r7PWYwVIMe71u_f0uMX9iyzZApbH6Da5XyURu5A/4i9Y-FG1nVQrLJdONlmIBV5fpAhvwem7sNjeOtEgBNA)
98301,d3a44fc4-153c-42d7-b24d-1b4a579990b2.pdf (https://v5.airtableusercontent.com/v3/u/46/46/1761321600000/_hPTdJesdDaazTt3hLbVRQ/eP0sDnbgJUcjRzx9E3YLGD_IZHWMOTbnWBZiLoaYd-4PGtjGCzs95S8KkHTdURh6hjFF6wyqM6oKmxuPLnN1e7ljvPQZwR4NsipsTVjCkjfcdADyv6fOFtFzsPAu6A1WSJgmbnR1MbS6cMnLhHWu7khroD0pl767Tv4_rTDwPDxtQWfunZOGUFHIZ566iTkJPTogYYt9v2JHkhH8ZxSPyw/esLU5AYuwA49oc90D9C4sOfDvWRdnl_uUTN5wKK-Ecg)
55250,34afa0c9-4e60-4739-a213-7634354e4011.pdf (https://v5.airtableusercontent.com/v3/u/46/46/1761321600000/Rn4eeKueIWF83AcugNx-8g/I6JplsgcYjwcEfgoZvwVwak8TKuniE_H0etn6PKhCpH8AwnSJVjD9Qzd2FG3qFUtCSRlq9XjTGCFRks-YXOixjaT5blRDNFb3QDANA6kkImHkIqDQ4ZEm_GQ5IkiiLXTksDF9DbtT-iyV3FFos6wHsMoYMgqeyX2OEhWzAQ1_5qO447aP1XauHVkFDwQvck8_ZQZyo1GcQBsikMA2Z7eLA/frieySQuMUja4Y5Xa3Y9tzAUeZFPPfRRUafXsXDrutc)
55393,317e37b5-5d65-4e04-bad0-f4cd77a86080.pdf (https://v5.airtableusercontent.com/v3/u/46/46/1761321600000/-em87ZogJnQBNS7wS1GUmw/a9mTP4H_sKSQybhlAFjZykYP01vaQM9HiIlVJwCb2iyzaM2d3uB01uyJOB5CwlRCpH_YFLXzP-ax079pCkKcttsJYvMQ80tFigO4xPurDuRPW3u0ip4WpEL6IZ38fqjoPVOmDpYQqkT3kveKf9PGrtpdrtLP4lx4RhOz6XCO2BqlGFkr7ufZIWCfPn8Its-iuBoqW9BGdioWSsZYtcu0og/8i0kqzveLANG1Qa3CxBS91BtG0qjOuO6Uob9SzihN60)
55383,c4808366-3cd8-47a2-83c3-f86d5ffae6d0.pdf (https://v5.airtableusercontent.com/v3/u/46/46/1761321600000/ozvQ6EYwsenqholQbK-Lhg/UnYlahdSF6dTSkI35m0DzUi7DP1I9ZyKPH5IzK6DOTdzAurJVDrcHEN3auIfwhy09-7IHkcx_pDVVMwOK3f33t_THcDbYka5WHnfOU1_gLq1Gh1kio9yfuAV2OAgZCsqAj7BN9Oz9UjgXReQFAT6UQvlt95D4B-5kXvaZ0ete0yr7VimGW-9Egos4D__MBlvOnhVjPbjgMkUZNjOF4lxYg/QYXm-Q0nb00fj6qg4R7iTG9YFhz0qJcpst_o8D2VxBQ)
66998,8cbb01e0-c669-41c5-ae2d-035e136d9d43.pdf (https://v5.airtableusercontent.com/v3/u/46/46/1761321600000/f62IP24WD45XVeKFFS8KyQ/3WiP88Sp850VrqKdtyV6_VRZnqpeby9UABoGKmApog4rcrYwTDNPFcUCiphr9q4Ut0E9BBJE3OCWcPr6nsBmlY9Z2uSHmLWmzuOulwu6V_02kxA9Yx3joha_jf7gY4eR69-tjnDPovlY-Do3qzNt1apj08CbF78qSvFQL8-X_YfVQfemYJDK77ypSoaqZG5sX3u_RlfIwXVe6UTZiSuoRQ/eJGDqlZYhW04mGlD4DJRLvk74bIBUq3h9hGOmSFgbsk)
98746,df4dd56a-3851-41ef-b807-558a97e501b5.pdf (https://v5.airtableusercontent.com/v3/u/46/46/1761321600000/zOZExgFABSvrypM45qU6fw/bJszcOCmym0qlE6CRC8vEHvwTWDV9Vk7N8vJ2UbL_Tswtv6hMLmmrQ0jRtCDmUNdyi39mJUIjgY5TcpHbYanTkQeDiyd07Af1Cv3UMUxErRp0SaJVk48cmabBJfguCGpUvhZAuxzNAukMOji4Uhzg0lbsn_dN_kvXiVeNDuvuKgkNubjYvDCpvi610fKuZg_REQcFu2MoM4Ha8ARJHGpoQ/fkL-ViiMM_0yIBoTJ9DIylnWMWDcplYFUTrtOCMhA94)
67467,059c3625-cb7f-4aa6-8e88-efd29ec35bd2.pdf (https://v5.airtableusercontent.com/v3/u/46/46/1761321600000/a_L9NjlZWsfDJuvvQpSVHg/fO2GncYfxRyfdRakEWlayllc_-isVVUWLN3zTcDSkru_IAT_uPvxN73C-a_g9AbOoU_HNJnYd1G4xnKSz2kIhVex1hTK68-71A4GEblNiJjqOvnnRf6MdytAE8hDPpvKJnRCBFJxRXRUALrKuwAq7ekKsyo6OdR9VpiNfLpNHxVTBUwDtkMVD5B2iODC0Q3RHH9JelwXAQsRVkxD2NVdzA/_wYEX7ClYkn4ewpoqrTWSaRDFZM-y_oqHqztGJaEXZ4)
41312,0e39e0c7-9820-4e9f-9cbc-f6113b319854.pdf (https://v5.airtableusercontent.com/v3/u/46/46/1761321600000/YwKXyZ78FFsUGhiK6vZO7g/J89JNjhpqGxH9lC6sd0KwtCrrWBe76rv6WcIJEQZQc12aS2CLwBt6YqAI3Mw4C6Nb3HKIbTu8Hp2dimd6_gzkPTJpVCe4Uf1RENiYyRKGh8i6B6iZ4YIyWCmoFhl0Fij4wWgSvkKSThlZW8reYuncoMJ65fDp7nc9-xIUNHhgAtvPIv68xaiVuxOi3K0BCTnDjE_J24BA9FgqM-1HWUGAQ/O9jWt05fS9_cxgqzVNhe1rLLJ4nKOUZtVAE0ZQfUBAo)
49945,a261441e-80bc-48b6-ac56-d33c31ffa395.pdf (https://v5.airtableusercontent.com/v3/u/46/46/1761321600000/k5xQcN_virAlfg82EPMBNQ/nohxo7FxbPJsltuY5afiMhFKMZyOwW794Jy6mH89A9Tw5cVgteapghQtHhOwwfMs_ivMiGOUAdcgq39R1Mwk6auXQVQm1CG7LPVKA-BOBXVDlmTsPi1X23Yvs0u0Z4JsKM6r61efZU740oIuLsDNfM_dsGCMELN3MkNoqdBD1pcfPWkZJV__OKEcWJ4VqOF_hDE_rjnNK28w2h1e2KHKgg/r8co5o1KkQ7lTHxnrIvSWRefMKeFcmyyS_8HaJBRPTQ)
49975,ea23aa69-dc12-4bb7-8235-825b6a79d808.pdf (https://v5.airtableusercontent.com/v3/u/46/46/1761321600000/uf0tK8XFTHKWInzyvDYduQ/5zyC6imcEp4fRD-5EOL4AOVtDvq7I8LPTOuAZjqb8MSaRQo8L0ItBuhup6HyKSX6w86TPU3YEhM8AI769jZ0Ac36SCR401yXd4OivUJhFBjMgb8zrJGxzVU4UEJe8OQm5uehLK_Ru_GmNwSrGAzl4SGIK7-9pxu8idcwMpb3T2dWDQ1ptYdEfuCXSd9GDl0dJHjP73JA0-ahL5FANIpRrw/RM2xe0qdDX1m4Mh3TTllOdHJ4GVMfmF9lAskvOU_-3M)
49997,05b3ca43-f852-42ac-ba7a-456d91673285.pdf (https://v5.airtableusercontent.com/v3/u/46/46/1761321600000/2HIe0Zk0hxUCMoBBON2g9g/mzz_xgSF7kq1bQEhxph5qtzt6BY9wysJX9Cqzi_wtrBG6eliXrpug61grEo2uPGyiJ11aWwGCuP979vCoTpnLHTv7n-D9bn2KaNb_Ib-sTEsKdFaDPQYxNsvbMD0FrSuwtF_eDCTAGcmpV2Pg-cIn-CmtcQq55lzxai2XTz3SqRODCdUj-yfHQhEpSI6GffVuKErR7jYL_qp-quPOZxPiQ/FYxaaf6vOomQmvC9jhNcf9E3gjHoK14EJCDOxHnMB5c)
50007,da6261ae-17be-41f2-ab14-593abb23ba1c.pdf (https://v5.airtableusercontent.com/v3/u/46/46/1761321600000/dw2KM7qKU5a1ypJXjtO_vA/nrsEbIBxuZsq8ugi2hOYH_y5sRazJv7NKTbWg34o_LkTi3n7mgU75UnKzOZ4obFyVGuTr09y8BJlVqmNwPDZtNXh-JMfWOzE1GiBOUtknIBekSfVbMBD0BO93ODHSgelTmYyMAWfhM_3N1mUjfdQsj8otuuAWate4Q8J160GiDsy_achxhRYwJ_ZuWPrcKFj2-7RWlxSOEH4WyAMMXdvXQ/tu0zl2rA6RmHjn9bZFhJYaHjadsf_qv-HOT_re9jVsU)
50011,fa23cad1-0eda-432f-acbf-70c756b82704.pdf (https://v5.airtableusercontent.com/v3/u/46/46/1761321600000/QOxYZTQ8LwjfYxKrMtTHuA/GVESpfxv5V-LoO0FgC_MEhHyUhaowlF-yK7YTdHEd7QHJEq3YXvE3sMNhGFGBt1tcaBXM4c6fKfZa6shavNU_47g1bPfTmGFAoySG3PRoVRC7z1Dr0a74Yz6xjbGu3XnfCEGl1QoH1fYNAEXQxWWOOzg2RYiSWM-9Xz1xf3GW8-UyXtx_IWRjlVqNfiLADSmTV3q7TKs35pMppvmZ5Ir3Q/PkkksfrEq6Y7n4-JBYsy01fUTwTd4TNV4G4va9FKuaM)
50013,f6f00bcd-e379-4bae-a461-38b30091e346.pdf (https://v5.airtableusercontent.com/v3/u/46/46/1761321600000/4XCEDhgA050lcgfrW_VkJw/cucZ96Fsh8nU-NXiiTPRVKebtoHBdVoHaRmgX1ctuT5-xXB4z4UW_GDsnD3gZLVeRQGmB0gwr00d_XK0EZfgkkZV39IpoSSPVxI3ooqgj8S80BjqlcGyvqT0OAsWoNWxU2OEfeEI9MmtT1OnxPgFDRJxEG4pcFB5C52jx3kddwqabLfOBynHkyf0IhDwECkN4nv6VNXznpiW1P3JOoLGFA/TOOzsVT4g6OWg1JepRGOdtooQBTvNoPeYJ9XtXHoNDo)
50014,48c3309b-aaff-4167-84eb-fc01193bb896.pdf (https://v5.airtableusercontent.com/v3/u/46/46/1761321600000/9MUo_PASLsupLXvmbsAzZg/tRKc2lvqahu-usAmG6uNfHuhZ5T7vu3Bz7psy6K4RFE8byJrz_YVVSn9BPYGzLHHK96MdDnqKQE5-7nYDhTq4VaWph1HWeUu_aZXuXe4NbhF8IV-6QSgiHGYWFvhDxJtGyR_VZsxFDyWk-yBPsByE2KrMZbh2-mamMisBuFjEZaUnhvvPGs5w-5pLHWRI9Xli5yYOPRHsJ60fj9bTm0DXg/MetHNp-EBgGiL7gNGCjNlXMy4CVdEQLTjbU2QcwgN-0)
50022,2c48f9e6-9af1-4e77-b791-27b44f856d55.pdf (https://v5.airtableusercontent.com/v3/u/46/46/1761321600000/4T3LC905_JOS0Xssc2QVIQ/pW9ROz-W1IZmR5BOU8fTJnn0Rr1JUYDDNHM0FY97ueCbCETJuj_QzgLra_ioLNtzJXZ2jYixRhsgPArw2w5UvXDavAYJ7-I_1Wk6daNAnJ3scziEAEvqLyETWaV7uuj_UOMS3m3aCxFOXVn2oqGMuOxVMZ5jIEk_Y_plRAWMDUulrqnO2hvP54ZQngiMvuGpZEQ4OcCgU63caSRDxxR-oQ/fWKh0UH58N4SlyCMfYO6SD5CyzUzlmJbg_rrUGOv3bQ)
50027,690caa0e-514e-423c-bd01-e674031ff17c.pdf (https://v5.airtableusercontent.com/v3/u/46/46/1761321600000/oU-wzxESNtLzdNTzFukR7Q/pMM2KKgv_RjVKYo2eSLAGio-2c8X_pGxpjvWVinWmUbA8OwE2PocFWVp4L-dStLnz_KleQ6F2dYmuYV1xNJEEZFwgDs7PIHmsIOyAVGkN_oHjgG5uoTE9Qp2b_WmwiHnMAYZXLRkGrvT_uU6fwZ472zJwEI_JZ7RVJOuBjjjMAUcLfCUicwk8-xnlJGon0XaIQtbKNsxy3v6E_OoJsAYpg/b8H_v4otGC3cg3ADkmFgL6TV6-RTsBRHZb7yF7ogm-c)
53759,865da9cb-9286-4c99-a265-05b2cdb982f5.pdf (https://v5.airtableusercontent.com/v3/u/46/46/1761321600000/KYJC2pYJVUoYLMhwUAS7IQ/6a7-mGgUIiugfDlJjjn0BGU3AcEL41r3LryDJoyEo2DyrkEY7I-baCqdPeD0z8eqJJUWC3fP-DRuh-hOHq9kFSb8TgUoE6zFVWRWh0Ol6X8JohxZgy0V489-xhk5tPb7ReB7-X-KgF7E_nKsxv0n0IFXy7lCrwl3AEiflXoqIFbadelyiy9fdiyihYVYGz6HkGqeft2yKZSZZdGDmBtM0w/kwjsVrNiL0UsuvbeEbXknggBnm8lOUeUMkS8FdCjnoQ)
94903,1de18acc-b019-4152-8672-970aaeb5f95c.pdf (https://v5.airtableusercontent.com/v3/u/46/46/1761321600000/TyOHcLuM20LeMd8Pfno05A/NN86iklcEPBHPVFxueURhzsuez5iMPybMft6OYqqCjQR3pZxdLuDqQvI_5WiBae73YoiebxdZMuOha1MYRRzIJ0B5YIJYaWTzXwo3R86XEyGVIWglWQ_SfXU4P_ohiG1yuD1HhfW5Vn4V-Ij-tHICgnpHOyNB6nL-YpjDaEG-D1xvDgB-3ufPqMDYgl6MFyUdgHCiLbJLeaNuGqHuewaEQ/huq7ke9v63kYCYQtZzuCE6b0izxDr-OeqAs2ujz-wLw)
67036,01173253-fcd3-4819-b1a8-d8eecaf01f17.pdf (https://v5.airtableusercontent.com/v3/u/46/46/1761321600000/vkyQIe6SzJ1kcs2DN4leuQ/RWDeUGCXvBmpvDZvWnsK-ItcMyuUbrxTiY4w0Vweu51HqTDSDKJrDHZ6rbCkEV8ECpC6T-bQRtzVKOhOXOphEsWWuel86R9j9V6qLdZNxNwV-eRuqJgLjffP1sIkQU7MuzFXOT_Tlu8JEZbkhyYxaHCl1yF4HUCnOgDleam14lWfwLqGKFabwxXTC77-ZxDEUXtBF2y-654iApKujQ7XOA/8HTuW1kaMzU7PXn9ngMDbaF63Fz7UjAn1A0ujgL3K_Y)
92885,fc187a67-5c54-4d4a-af12-a294d2ef2d0b.pdf (https://v5.airtableusercontent.com/v3/u/46/46/1761321600000/wWKuN79yucNLrt32D4RAsw/hI626qpkvk20hUWYVAW-ZKs9eUFJ4j25eqpdIiG4v9ZlTq_CALJVArCpHe2PPASNwHQLPctWkVVj8tqYeY3W1HtEXVxHOvjjebcXcb0Npo1euNbrPb_ZkKq35qRzXnTlXhdaAruM1vH8c6o8QOSbtuYmMkAnHxksGddLqOK91BexVeUxqbdNcSosTbUknLOoxqcMZkmnR1GhF1H_DQtoyA/uyw-7ZpLEx_iVav8IWkklXzdXlI1r6lPq4xH4DjTjA4)
96377,0299ebdc-f989-4748-9b11-34c9970e5014.pdf (https://v5.airtableusercontent.com/v3/u/46/46/1761321600000/N2Bk63cFvDrZsFRjiBmeig/oZSxhZO1zC1fChHcAJqMYOjjMR0vcZI9oAh6X5BmW9WCh0XlR2It6c06ZpHIeR3VBXWoXf2Fp9EKaV719tamBvwzjeGf32wSusHhJkYb1rg8wW6oeFK7E4HZEE5b0YujVbFBoSje8ZQ_PMZ0SGVyO88UxxJhyI99Da7xv8Q0KlU3e6KpB5FuQh7zjMotN-cwZgVh0PBI09Obww4juBer2A/W9FtWi1s2i5r13lkC-jShGE5z1CiC67q236pOex4RPM)
91992,5b5e5cab-5326-4195-a759-ced74fc647c7.pdf (https://v5.airtableusercontent.com/v3/u/46/46/1761321600000/EP2L75P08mFDUgHX6y4svw/I5bdjSJt67zICrX2vwpYqciRi5ypnF-qlw0YzzoIQSVNBKQWid6x5XBgg6yxEFxcpz49aPsvBds67UaEL7fxq7m7OON91_ydJm2zWETBRVOJYSf_L3W-YWe93xKNU46PLoNj3Rg-PBq21mTAMvEbufZ_67IywouCnNV9YZEvwHevT_mAjqlv4fFkXUb-gCBPV6vXp9j-FW_ldTjVh37SjA/FTE2viW3W7mFiJ6YsrMcy3nFRuJlQ5cHuhAO43_zNzQ)
46419,b13bc0d0-56ea-4c9e-be0e-0384ed8eca54.pdf (https://v5.airtableusercontent.com/v3/u/46/46/1761321600000/GDXXPSaxnvgUs3O-2bFOXQ/7MQl9rldCyUt2DCCXrErVMQKFzUXEDQLF0y9vupbX1D9QbDxeefmqiOALiejL-yFMlpg0BY4Se8LFERVljAPZbDYOJLgTok5wzBuYCNOYPPd_qBBUN0SBDYjGmLzyp7vA_yRdu69epu2Ga3imNITGr5yBQCWBDRGa5ZUbqK0W0LgtoRX5dY5MRcmPITgXN0adLd__B0ZMBubzMHGlybfOg/_vxDjM47QbmHP6JLdK_9XlphkbGMmOKj0zcyR254GbA)
22930,5589b3ac-aae5-4e7e-a5db-80a1a500535f.pdf (https://v5.airtableusercontent.com/v3/u/46/46/1761321600000/JIqx8e8V7KPLjz1nZ0FxQQ/Txlvnuw9gF9JrlAp56IvSMbS2H290EBgxOV03J4GBoyMysjR6IxvWII_DxZ6-yNHbh9ZSbj5gHTgBaREBwTJxdtnFvMkaHLx_gzVAENrx0J6P1rTnouQwNqersANM0PmF25qGntAM9T_aka2fyEzs6YdgI6jqhiVzxby2jynswpjyUuyB6c1Dp6Ys5hPBdZYbgKG1okrXJtPhKqsKLBC9A/U69ZG1bHrmziBpDou6sn6JFccAbQ7CScT8gKgf9q-4E)
25722,affdabd9-09cf-421c-aca4-50e8ad5fefcf.pdf (https://v5.airtableusercontent.com/v3/u/46/46/1761321600000/q-yBsvWCbQU7USe7Ktvh3w/Y7rRQf5CEp4CBiFeBJSlcOC3xyDZIJ-OXgUge24hRLzwAuYNqEu8qw9XV2WHVYoQPp_OTm71rSHzOZIwgI_BcCBzUQ9xSh4DsQBELHgJeH8lUmlG7bVZStwL-OJ0d0-JHTe00FfcESAFi9yTTtFaD0sUWB3nuCMMlZ7g6IBQz03JlF3xW40Ik0lTff-hoUKXzDlFq1r8Gw7so09XotDXFQ/VTbdv6FL866Bj1N8IZZ1gwdRCOJpwKNCmfjiUjX_mu0)
52607,a7602e02-cc40-4b04-b22b-ecd44c9c4e7b.pdf (https://v5.airtableusercontent.com/v3/u/46/46/1761321600000/vRDN2nGND6DJHz06q6eFUA/bLDE2LUzc35o73zATNVgppZIkPi9VIb9IVMQ-p0AJ9WXxO_e5zY_9Z5slvOwH2kHa4ZMj7jEuKk7MBsw6AIj3R13-7TVv67ZWfVM60UWFAmn2ZltJc9VI-LCM9sEZOSJRAp_o2JdVlFRrBohcgvY9qahiuAnxmVxRumaxPYRDW2Szp5J3NA67ZBLw4GJzVo96FF547WXWnxbR01jD_-Olw/Sj4b2h4IBB1QzvqlooCIgFNa7qIC5M0BJf-ovKF9zhc)
52606,fed407aa-305f-40c4-aedb-8d78228ab1fe.pdf (https://v5.airtableusercontent.com/v3/u/46/46/1761321600000/A7BozQrJTL2-7Cibp4cLpQ/9Vx2X0j9oSQENF0uf3IgMJOWXe_g6ddkKduhrEUEDY-cm5mk7XBERp_YNfdrEjuzqePcjKRmVQLgGnctZ9J202N9OqMkcir-YeH8wiwww_6QZs7p2ly1Odrl6ZK9YGoNdB2Wa4bXhb_5oMdQoiQMaaZJRaN8VPDWpGLtekDVvy2Z6hizAXAlh7ZC9ZCarqVNRtQGhLTVFiheikqE3jTDGQ/3gHOMRpYhIykK8tXPMNljRn8qQ1YMa40xjvo0IOFnTU)
52813,5a4bbbf9-6377-4a12-8334-fbd274153bec.pdf (https://v5.airtableusercontent.com/v3/u/46/46/1761321600000/F0IGevV3fTLEGNcaKw6iPA/tjMNmAkbWWsJAQ7ByrOQ3RQkzcRB_css9qMPOylfLObklsK1BP_dXrpGKFaJ-ibKv3AcrXbUfuFjUDPStEA35B8Y-Bb-TFg2nzYSrzt0bPdptJwqY0uHbBq6025W7-xXPKosAAJe4g1K_vdxJYpnIzJEioDYtjosIP60r9oqG6ta-udPoOedOcNZoQdJqtX1huCY8xBdKH7IhMPbEDvfXA/krjloB7LhusLiH14Erd5ytZ-u5yykqZTF2gKLAbRym8)
53477,b21b2fc3-9ee8-43f5-a63a-e2d1950ee916.pdf (https://v5.airtableusercontent.com/v3/u/46/46/1761321600000/gVLF6xNNpVZd_w-5lB8pSw/yvmlN1d_ASYmfsqGjv5rKVNk8TiCWnCAIPepHV8DyetcZdGmhDL8NjxEXDTmZ66BZXRhtGOjEmJJoVVHrM1IwBRorA_ONYJrpycSzoM56Fpgsnzs0IyuBinJH2mwpOd_ZJclEstQDOY_b9qAhprCTpIWsbaqPM1JY9k3rEcXBB0f8sy2MxWHmna6vr5Yn5tE7Bdg32NYTZqePR7wnXE1gw/F21rDAq7rzdsduSwy2iWtww_oBL68WXTLjjoPyizTeg)
57270,4b2c0242-c86f-4013-86a1-471d146d32f4.pdf (https://v5.airtableusercontent.com/v3/u/46/46/1761321600000/eI7lIvFi6lafF5g__Lt-lA/JEXZlVs53Q1R8jEdTCwPHKzuIUcUNa1UbSD9TntXWETp8SR7iu0JnLlg0cf5rJtB1H80N3Odmcoh6UcfF4fLMTht9Va3tGffJNN5Ik7Uly5rbAC7dAqdOu4ypy1wNNeBBg7EwS5CWsDHr9clIQ6-AyFS-ecIgGFB0oMA1mn34Xkjd-2W1n08l_BS72uhz0_jvN9gWfg5-yK_nBJ_cv5gVQ/uEED2Upa9q9BtokgZUJLlm4pHvJ1cRaIlv-eqXANnZE)
57282,2bb5f464-fdcc-488e-85d1-e71cb55f638c.pdf (https://v5.airtableusercontent.com/v3/u/46/46/1761321600000/Q_Yr5secXaWm5hZFpWZBgA/ncx0qAnMslJwX9q61Z9yIfkhCntym4SbA9Mh86kaF_VfEOMXp_9iR9FUZRuxwtSyJYr751qAaAAj7sVN0etCkGghmuZJJQNeuwMW4NcixRO3q3YhS-O_GdyD9gC-3hKmX2k1LQE_zLM2sWPbOVQtJ_vJisVNreIoOy9Ybw0p5K1Q-yTxj5FsI5ywQidOxQjISKFrKMtN5ByrNGH3MbKlnw/WriFSArGEhFtS2JEkMnSL93_Qcabuxr1eS12hfcbWKs)
57286,9d9f41b5-3696-4402-8563-f4d4d99adc99.pdf (https://v5.airtableusercontent.com/v3/u/46/46/1761321600000/GoU9t-M3wGO0ci8i07E6qg/u_bam_4-lwErCL5X6qClWdP_y4O4Fj8dHbovbolRvCKVcUr7p1QsAwne1aiyFE88y7myRx4NdUH5AupkWT-nMNPpfzBItJ2jbLj0-W0imE1wYLsyxkrqe0aodYQBRoTEL5FDJ5PHwS2CePE5DTe76hjzjHLIIp1mqEGHR5LXegVOAqr-1ffMLsvpeYJnBXM9fTy7rsHTLgkP_mqrjEvPrw/7e7AB2nLLbg6JWSLjrhhwsf5fTy2ftMTOpG9Pvrvv1c)
70286,9becfe87-cd39-4f96-87ff-54ec9366ae7b.pdf (https://v5.airtableusercontent.com/v3/u/46/46/1761321600000/XsCft56abkf2t0Fgdf1qtA/AyTidWqXkxXwDrpQolcmE73TFVijtOni-Zuu2m03zf23nNV-rIeJ-gLdQzzifJ9526irb73PtsHBzpQGfea4pXYRvjJwj0zeAV4FL2g1qpANoUAQXV7Sq-hU_BKzVhBXjU2bF9Hg0Z103YkhvBFGzo2gZKomIjtW0ob13bRTrZ5qH57OWfZylbN5GEnn0kfeTDhsu80a4AiGvfCNApAzSg/P-QeStpN0yeKO8PPk5RUOTOjMw8resikI2RAlLcTjj4)
55845,e1666630-8612-4166-b842-7dbcfbccc1ef.pdf (https://v5.airtableusercontent.com/v3/u/46/46/1761321600000/-af_1auoB4LHVwyxicJELA/h0VI_Y1IWkghuQ_TobiSdWE-YXQvK2WWifioL-zxk190n9DYSHkZq112tZazaV4mTHDFFGMaJ5VqetYuzI4_q-LvUkOc6U7_ELdF9zy12Kz50DL_PegClVMrR_NOXWJCSR4Gkh851m0Tz5Qzz-ThLMoldkxFWg6R1O2SDjDyBz8Stv8TghgBlB41EiLgGFOV5iTRMZb55Ln6Ma0k7htnQA/s6b0XS870SzRuj2NkP1QrC74p7Qb7EDTLRCu1MTeC8c)
67466,d4c821e0-b87b-428f-8305-a5c92ca4ca63.pdf (https://v5.airtableusercontent.com/v3/u/46/46/1761321600000/Cq21b8Df4_zeprxjFn2ZEQ/n4Y2revqitxjHmGSIbRSMvY9zoKrCt4gwIOSrIuOup5Iof0oy6tbi7a8kt-MrBUuXoAFNtDnU_tDc8S9E4iFLvZFds1jMrK5Nd5yR4R6DEuebinC8whF5dc_0rKebsMFIt_XDQ7QGftWrknT_Ay4G2IjIlwncWaNWOz_rXO1WHje1n89h3jqadO7fIoO3D5ZXm7Kab9PBEu4mOHoUPiG0g/ZSSIw6VV2NqBj6WoWobzHaapQTq3Gxz7BR99sOqXPZs)
85509,6104b74d-980e-4445-ae9e-641e4336034a.pdf (https://v5.airtableusercontent.com/v3/u/46/46/1761321600000/FM612B-7DuOP9oigwyTmww/rvj-GNcXcXjgTmZ_Iy9mdI723Z4yOCBPT8gSeoz1QmArmE970zQ8YySN-gZtG_E9l0kNBabnbT9ohvJOskAA6kMw71POdCv9IMtibjuUOIaJsPqOPKu1ybRu-ImSqCznEXuJXFLOBgT4xjdOEOUrJypUZZWZD_DymJ1H5AE85_Aot6RDCyAdYFweCr88v9_-iFpVj_U7S9aSRuHzbWCb7A/FVmxe5JxmLpy66Oj9iIOb-gAD48-_3Kx-Q3kHX0ZhiU)
78946,5ea814f5-53cd-41a4-adda-31f3d6440b0c.pdf (https://v5.airtableusercontent.com/v3/u/46/46/1761321600000/OrJqp5o--hgB1r5rhp5pBw/CQd8ZIQWC2b2k9DA5d4OgJJK5r2MI3m4mnF9Wfi_lhx2HjUDuUd0ZG_Lrffxf9Lm0RLhaDqlu3JfVgukthtG37gJJkVoTYrRhQVKPGfFoNj3aZkC-ohcKo0skvnI8QyPh4JOm-3fz-MbNR6JXjlyQgZOTBZytiMy1cmPsmLdDsh91KlfLOkKj6Yfi6Gi0NjmjGhhNSm91gvvtGuOFuBfVQ/99DerQI9PT-zzriyygBLFoqy6AmV5IERNTE_M_9nl4s)
107462,da291cfa-355e-45bc-b7ab-4b45b66641a6.pdf (https://v5.airtableusercontent.com/v3/u/46/46/1761321600000/VVOraFT5XCqeZwLiHS6BdA/XqVOOG0jrXVhllDgUE83Hm0bKtn8jbfzONrUSFXsg0A9swYq2P03V2ndi6kezMpHPvOjHSchkdmkxPIjz0y5_zqoLbhqNizPpVNxnpBLgijyk2WGSBB-XUFS8PVFXSdIcMN7PsRU3k4Cz8goQDggvnGkYSwG5rd32HU-WuGXXVqsghdrEa4Gm_nIZkb4paub1qMLzi1GJA3aQC0V9GfBvg/KVL9AIAZUQtFsy5U9XOUd2_Octf0EUqp8gXIwfXpCyw)
107463,c13a9182-0233-44c5-aec3-3ba233e2325a.pdf (https://v5.airtableusercontent.com/v3/u/46/46/1761321600000/GFFXXhhQamgCvRdQbHuR6A/h1uA9n5DBSJJEIn_kIlc_5lBnZaYAXl-HDRa2Ft2sxXHKiQ36gddW_Yr51nFwJypVZG5EnqtDPvwCutucGE0LmRHDl2mS1nmTRruoP5k5R6ZXes6Q29oiYZT8qCr61ghYxZwwTYJQW08v4Y0XRJ7QMGM0lk9oa6rCxq03L5KsOtoHCaqqKO-3IZXSAuDpuK52I1iYcBdzRcOWq_0ndgkAw/qwwISu2n27u_EkugzZE5TIB1yAxuagvLPUl5o6Zv7NU)
107464,561dafbc-ab77-4202-a649-8176a17f85ed.pdf (https://v5.airtableusercontent.com/v3/u/46/46/1761321600000/5pPTwwbuLasFXtSlsoNnWQ/rFxGPZg_xntac2QF6nJNL9Yaa8y-OVq_XgTxZ7KbbZ5q9wA6Ag4zD70TU3kAra2w3oEQOh6yozAp5BNW0mTxJZ7FTG1ekXAfzLV5UhZAA3iCI3TMvBWZZNWVkVfZP2UtEetcAjuD6_-xWSDDeUSXLrDesi-2eKVWnttQ2i2U8zhR2Wqkqbx3rR3K7QQ3jxd7NuLAKqYtrlzz_WsTN1bzng/oFw5Wh_qS_Rc3f2C-8wTNwyDTdKgabLwm8twQgz_Z_k)
107465,fcb20b2e-234c-4018-828f-e2b897e38fcf.pdf (https://v5.airtableusercontent.com/v3/u/46/46/1761321600000/nV2uUEHIdTUoLApHqASWug/w4aoqvD9aYbZ_tlS8nb4SCpEmPJlBXuxy0bkGL9EExvy8RLi52iziepBT8IqyJqxY_gl6FSXqez7KgCxgdzVebgVKieyPcHK4QNMlXpYbXZ-gCR49AoN1LMj8wsoMMDTXXaGjusexEukSLRHxsHfcu5148BmNV4guA9VsWz4WQF0-raUw1dHSseSae2HI8_SRdjoOA06wJvxiR26QrEzcA/bmbxIW0ViVamGLnUoZmNg0o3u9NxOdgxOJaZNxOdTB8)
107466,470dad8d-6f1a-4c29-b425-5067c3b8c880.pdf (https://v5.airtableusercontent.com/v3/u/46/46/1761321600000/35xcO0ghGePiIfVEnYShkg/KOh7bJoCuJ8w-irPTrcJyapAVOYA_7bSfLqrYr2jakLRXHkjB-4zv8zs5MYnb9RFfkZI-7M4QqNKErjBZ1XBXBgV2e7jX2XFlzgK-K9wG3CyVR4YuVIJ0H1claihdb7lhWATj8xxH-ifVSZcdPM_Xv6Cm6jBPhLbUAojSaWF3m0fvz0dkamJ0f2UPJkmD6O-NdXzmPrqirdXKVqDNYdkxQ/aWk-WCH8ygb_8d3U4It3xzqA-rGLAonIm8h5VMoWuYk)
107467,9a9f9c92-328b-44e3-b7c3-809b4c344144.pdf (https://v5.airtableusercontent.com/v3/u/46/46/1761321600000/ABVq1_ky6FOjo3O1th-QMw/Bc7QbbkeNTO1km254cP2vRcclic00cqK07AXr_Z24sRvqbH8qGsKyzWmcJ6AZ2z8amCHWqi3ogwL2zRqy9RoBrojmNaO0Nucj1MFiyYTSNnmpnpLU81Aw5XuqwaoBJONc6f4q0k4KPFeiUnt7PmCEiuAl0vbZxemlJgtTt1BnUxiEnW6rELAyXT09Gd284uD-OvnR0GK1LIJeCWvpyOO-Q/DRuhilkE644ut3s8q-ycy4qqhAwyv-GzCMR3BmE6rRQ)
107468,06eef561-d996-4475-a442-a9c57966f2b8.pdf (https://v5.airtableusercontent.com/v3/u/46/46/1761321600000/4EnaZ2KwU6T9X1RtY68_uw/aW4PVQll5hM6nuccUAXj34hKlEXfGHEw5QGh1vYT0HmZg0l8dyF0TSQyhtNiHR1Ow2MTLxWNY7XUj6LPeFIDvbyB18jew_f62vsqugDpxkFtQ7sFCGlQ1huyWi5RoQHhqveLYm4ogCiomBT-uonuuDWRQwoQxFxUCqMlfcInHoiqJTLSa2HrM9A3LXpj-ARrf3rbChOdIwR7Tn88VaVXig/FspAomNt7k8NnI407HSLGHOxN8v8XISLo2RfZ2BYXY0)
107469,bd51de91-83c6-4442-bd37-cec4b1d49b2f.pdf (https://v5.airtableusercontent.com/v3/u/46/46/1761321600000/JXuWdcgDz_pZwsCcABRx5A/Km-eYWmjrg88Z3up6Io56Enm7Sb5V942iXdOJUeZC0Yk_NEBDOKkd33Q7Kd5hcWxvAiJh2vm3E1sEnVZJWn60QiAoO4kbwHXe73J41EsdrW6dfRuk-_dkqZi0xDf9rR2F43sq4eMgXxyru08BqXle1FYXQ272iW9a-ptjg35ZucXfPMu96lhf-4qYGAOZx4mWAj587dJqoTFh7cDI3bdXA/h_yFiQW9VmcKcGLrnByPmBpBXQK2OuiBe4oBqe8FSrA)
107470,f3f8cb25-efd9-4276-9f41-ba57ce0bae67.pdf (https://v5.airtableusercontent.com/v3/u/46/46/1761321600000/pfMGW0RASUheqojOEhhygQ/Yv-EguQUtd74M2ayHTLJB5AJ2WmjhbqoDy8YBTudEqD2IKoqWGySRJyn1tmhVqRarE9AV3NGUBUlFDNEz_LUPdC_rgwhmi3gVny6W8xDZLnKlGN0yR0cjz76o_Evvl05wpIjCmiKuiIYAaRWoPV1tevSeYyEWYwJ0VvskRpg3irQONbjI_A6rRgxHMjhYUhvGmzzpv-Zp1RK6Zl5396o1A/HXVTSay1HgaZ96jYmhLA5qaOn9i2zA09XMAA3hIVmZc)
107471,a6650919-622b-49c1-a597-e20c43cf570d.pdf (https://v5.airtableusercontent.com/v3/u/46/46/1761321600000/cIifMOXHWg4kSW-leLc4nA/t76TqLp8_xzGBpnzyq2nKEws-dMp_BDqBEXXX-AqrJjFHmw_TxrRgvHCaRpsQYTMhv9zUNqtDJsac-O-3ZxFi0lOQvZMA5Vdgt54XgDYJutpcWfkTAaEBWq_dt53KobuCwuXrCupWbKvsFNSlGnt9lLu2APLoxOy-4qUt597IJfap02dM2Qub8jNgzZuLtXWhW8qlTu82SAN1gGvSX_-4g/NsWpiZrfumZKeFCPPBTptNd2KX-8saGLxIW8gbAOO-4)
107472,c92cbf0e-591a-4fae-8fca-255a1fc9e551.pdf (https://v5.airtableusercontent.com/v3/u/46/46/1761321600000/zFxSm3UpFIXK4RgBxV01Hw/zYkHNhr7EKNnwKYnhrhU4QKOHP-k6OePpVYegNxZBLaXKBU9Ro0JmOG8sRhC439WPf4CSwI_18yIHl2p6cybOv8BBUhlYh_D0uF6rSiH8ziF7MT66BXtWOCwdOEWNboo744m2_IaB68V6gSNhFT0x48gzX-P_jsbtd2FtF7ujongQ_MwI94H-mLNEPc_WjaohPZt0XluEopU6EX0uVwtkw/FrE6_KdjCmty3_Dx04KKyN3ivg2d4S-_aXiC6GToJQg)
107473,454c3d07-7163-4c51-96a0-b57ba044338d.pdf (https://v5.airtableusercontent.com/v3/u/46/46/1761321600000/biDvxhrwSL7UeNY_FhA2VQ/xYrOu4VrfFJtc0Hju6hrKvQeT371NUAOlhzdJ5t8erMD5oaUaOEhS7JhM4qBv7mvx6mXLUF_5NuPbcVr2w-oiGiBHaSbhMvCeioRupojLAb_xB0iObw619ggOK2XA-6pCRrZzKeAsruXooPlUMbULxu6AXGUwFGcUi4CSLTqUi1LeCIcvkAM1LKUJMpRZITWQMN-4TBJ1Ti_L7qjTGQ4iw/_f4UaylVIFyuI0kOI3VQ-uH5OfByK47EQUOEDS_ir5M)
12310,48b551e7-60f8-433c-83e0-b5b399339bc2.pdf (https://v5.airtableusercontent.com/v3/u/46/46/1761321600000/C8Wc-9sHOgM2Swmea5e9zQ/M9P8D5HpPnMazBc4Ss3_xhyvpu8q63MT8JF7k_WCsRhvlUKg99owi6Lc2qXCwOVDZLJIxQXQjekp7c4aWvQRnyx4emUtvvyKcnKaAv8sY-MNiXbySFYTuAKqUPP5Q8b9K_Ej3CB_KBTbttNT-1uOE0YBJwNnoaTJUxK7iydKk1bD4K_VOM9xO2eCabGz1KIXCN5WsARriV6d5znL8eafQg/lEqcKl-hmLCnOtdDJOeVX3193xug_XZ9nXGuh2u-iIs)
68177,120d7e28-ad0f-4845-b449-c2caf004b383.pdf (https://v5.airtableusercontent.com/v3/u/46/46/1761321600000/8lS0M-Ie2-ySji8stoZamg/v2gKwLiBoGh3vyHahJJSp4yKdhxfKPiFGDtsVAnsdiZXKj8jXRp-H6MDHoL1Dfsz0S5Da5P5wSjmKf0SG4p4olkewHJ9ne5h0rhSH_QPrahPLXGUzkQZgyjaGIZ090VuGj1z1NH33bmNHjEjt4xonS4vGQOP8hS7vPXlVQKtVyBR3XLMXctAMDg9im7WDNWn0QRvNGXjmBO45p1NQSrBwQ/ge4Umj7Ye678nESxB8XGD107X3ZP9FQuiRt-zUChtEQ)
68178,a10a6ba7-441b-420b-9ce4-d7ad7639e1e7.pdf (https://v5.airtableusercontent.com/v3/u/46/46/1761321600000/U-4rZ_3NT0edCYQdkdRtZQ/9xjHj6wV5L8vImzB4ThMvIlbeM7fRPNk7J6exfeAXadPE-0DwwoYu0NutyVGa2vwPb0rjyRzC6_U0MJmTrj7A584EmdvotS8d5brbfYQ0PxJF3VzDmzR-pEKERFYaf63R6UiJmmUqktIIzPl-5owXmXkfcyNZYqb7xnMhkVZY0rC5MwS4kQUBSWy8qrIepkDskDSjO1wDmVOt2tkX8C3Xw/9hAZbfQmyWYN4gmUqEGMZpsKSQV-0IrX3VE96r5QyGA)
98681,c2e891bf-65f6-499e-a11f-823930f1c1ed.pdf (https://v5.airtableusercontent.com/v3/u/46/46/1761321600000/fMEZwGewN9erIm1xzGJqcA/o7F2ItLpnu5ql29GN_TNb32EDeytQdHty-CXb_9znfLFZjHrWvo3QLerdZAEFwxr7kCdsTNToJYXglpv1logl7J6REBZcnKJabiCD_9u4wcrGTZacY6-Sow4NhQtz7hJJKCxdeQiDAf0JUpbWZehAZBrvcg4O4iw-cp4AohuomcV_lp7_fONQaEld_FJz9FpD9_FvZlVIcAiJywCe5bKsw/_Y0etrbDGItnPu4rITmltsLMbIpwB-_ANlt49RziC6k)
106415,e7ee1695-a750-47ca-9a6d-a241451b8dd6.pdf (https://v5.airtableusercontent.com/v3/u/46/46/1761321600000/hI562Bo4dR6yLBK5Htc9-Q/Fb_FF7bb6IH0pgX2fbLDrcTXVR3HpGNwC80JiRTLcrmJm70GlRSq1VwcAW21cyrQ7OnlNnaJ1cEgqUJHmeveE3qpaUVjljNiDJ9pxD8p1EsSrTeriLudMuJd3GFQW6Xsx5qBDoCJQD0xbqho1ruUe12tnHJy_0yiNcYeqLgcORNn-icaz53w8YSdU6tjSaPkB3CCzdqkUDEAVpkZXnxZUw/PiBk-eROxjYU3XTuakGsJhsx_oftiSxKDbDr5l7r6ys)
106414,c5bfbd6f-f7b2-4c3c-87cf-7dedecda09cf.pdf (https://v5.airtableusercontent.com/v3/u/46/46/1761321600000/FK2vohP0RM5SWPxBFEGxnA/HpsmEZU3bq78Jba3dW8VWLcVUrODnr3fxCAWvATW0h0ol7lMkPOEZVw2f7qFIK8MS1gtH0o6UIkAx9AW_J5R0PRhgp2zhrquF2G8khfh_4i00Sbi2aqf__K_hg3XKsaIw8kmf9rkG_Waer2qv6RUn7jBctRHcu3DXYazs-FRFNEITLsqNxHEb9KUM6ygM86l4kifwpPDnCE0JBHiYZxRag/iUeGk-s3c1rcs1OXq-wABotljB49kcYUwI8xTQD9WBM)
106413,a1c51f8e-ce02-420b-81f3-49e2623b01f7.pdf (https://v5.airtableusercontent.com/v3/u/46/46/1761321600000/CZk61dpD3Y_bR9ixMD-HAg/1NhEJYPoEln6IYhzP_K1Gc0cxuPqWz5j074oiZta0MjcWx4iRYlBB0MJu6Iz1FiihDWSOHtZJW2-jxUxBFbxPzxKN6FHw97zMCexNmCOEbMikxSj66K3oW9SBDp0uiCtRiFVlp5Dg7ZHhaFq-bPlLLlZRLVKMD1JJlc4niCB0IH8vEQq6uOMkQhomNYiPlkuhjZixTVbkEv_bZqNx7B04g/jEpOGBYNe6JLs_LpDAG-lIuxmAcMAX2PAiT5EG-1P0I)
106412,b35d1f8a-c39f-450a-b1ea-d2bf81a469bf.pdf (https://v5.airtableusercontent.com/v3/u/46/46/1761321600000/BY0H5TZZkOexxzMicQW1qA/zwEJAGpRE6cJs0en1ByceLQ2tEjOZtvkKODao7fleazZzenOF5afGk27heorTa2A6Z7sYpuBIg7MK8Kz6xOYT1jQ4oVxvzjSuvM4mAlU-pE7Ndz-tupNCgclZYN3haxEvMsnO0hulbyKR2DD1Bs6fsUkNNPlabusQAeoAO-isO2ZNrcuHueoYU6JP44kCvRoEI03vJ54p4CiTWldZKWm4w/TmFCJZ3NU10YXJusvqpHpBOY5DQY5e0_kDaYTzhAV30)
106411,b5d4433a-693b-4e56-8a6b-6b6445bd3fc8.pdf (https://v5.airtableusercontent.com/v3/u/46/46/1761321600000/6eolhSdpEyVtvpM6Kf4zfQ/t6VhIN5S8iEXs-KnxSqaai_5xpkoY1NXvhlcfxWDv4zf8grSnmp6VLm51M2UZZyQmXOoIgbhwHGrqEpzxY7bwjCKUVs7RKgmGFgoQNXgY8TdzgyWK-eGWf3JZn4vzYKutwTCBggPRqA5r1qY9R7ibDs_Gq4dFFreG6lMHrAOWqA4Nn-v70w9LAF_ybFDCfklvMNW1WIwpG9CP_kL_-Gvvg/jWO80pRkV4C8ZaIzCmig1qF234plqIkpDOtIlomIqIY)
106410,1935f3ed-9757-4f72-bb11-8fe949ba0d61.pdf (https://v5.airtableusercontent.com/v3/u/46/46/1761321600000/oadGSDAu_Ld8roeExPccWA/raqhKv2Ssq1Y941Nvn4i6ECd3tEGlkMn1bRFy4DjuHTPeB6Lxmzd9US0-_pZrc8VO8BZtrQQOWsYT25dmQL7i_qYdWRPKDHppZba47NO-2BeH9j61etj6DTxzhZSWwXni99UppwI_0BIRDsX8A3SW033z4vXQOni4kTJE4e9xu7ESCtnDXsxGwjPAw0B3IZPhj4OdC9w_10WOFJ4lSnykQ/CUoCA7LwnsY6Znhyt8ivEDl-xIWvoB0mOb8-5iqQBYU)
106973,3e359086-735f-42fd-8167-ce25a7142db1.pdf (https://v5.airtableusercontent.com/v3/u/46/46/1761321600000/GNH67mz8YiEYnAp5Bnu-Eg/opyPDQLaftXjMza0zxyH1eM5H4L09eYgopOq1iT_uj5bElSAPBoLGP-tIkWkCXVFGO3HVZUobsg8mq2rvUWEAr6Mvvv8jS_p5Az64_kxJT6GBeG5i2WO8UE9HjXeih8fIX30FBo8zHiiU9GD68hWjcGoZmTLSkLDnP8O9-R1ivKHMSG-yzWdaNsE7v5vY-TTvBKtFqwotqw1cTICHNXftA/4RCiQYtE0NjtXSdaSlB8wvHqJUqbKC1PbcAONT-0bTw)
106971,3db2157a-824e-4ac4-9034-74fa62776805.pdf (https://v5.airtableusercontent.com/v3/u/46/46/1761321600000/moMK2Csho1ZHjeXofmiyjA/FmGDO2HByQSWIWFZ5wAMdvefUqoBM4lm26ZYtayM8cKIEaiwBMt96bSUvRxHPmQ03NUEAsmuRELYpIOXcjTt9KAvYFcNl0doyMJ5KVpWN0mBjc_ls86yd6U2VNBTKMdYA11ncjJPikviVgi_3lJzirEpSYPLa4D9RH8vyVCT3GhIJE_v-sb5v9cKoJLvHvssGmfsZAEPPta0x7hFm9dNqg/fxcXcYQ2s8h8cPLlKMllpyygNCf9BmD_NB9UJ2fptF8)
106972,3a91fe86-d2ff-44fd-9780-98ea75d57fc2.pdf (https://v5.airtableusercontent.com/v3/u/46/46/1761321600000/ow1CZ6nIEG4YaPNnoo8IIw/TEJMmnb2pCzCvYt4gqTV9ongbOy3cAqNL75gKsj0L-LoQx1hB3IGsZ_1AISh1W2HiyPtz2_wQuuarYcdW2cxTv4Xy2uJeLc-L2vrXVN6vPJ4izhyglmL3t90jvsXPZCuqhA_-KAeD_BhHEdwaqzAycPW10noS7CLhgPD8UKpT5zgpdYqd8InA1o7YqMA_VmoFV7WVEDbgAuPFEDvbv8tpQ/lvw_q-yiSquPH8xE5Gr9bmO540MQwlTMObjmvGJlTB0)
104193,774c5579-5def-4e60-b542-2de1944ab2c5.pdf (https://v5.airtableusercontent.com/v3/u/46/46/1761321600000/b0y091MWEtW-A1GfQB_aYw/7vxzqpphBoWfHi-NvL30wIc30lL-5R9N_Q8e4ZpHSI3ao8UE9tc5EQyQhBPohsoaXS-mjwwZoVXm0ciA8xJEBxWF4tLjiSU6_FEb2KTB5Vz1qVUw1y6cIBkLlCbAVmUfCyg_vbpJkReycMWvYVHUJfJbfj8KqPHOW7_3naAGz8G5JVpQuRvwB3-1pNE1Ir0Be--PWYKmz4OvyMgxDKo9Sg/8vBHEd5FO_5GqANgGjRCSMCT8nwzbOkCErrOn11io8E)
104194,addbb91a-ce94-4b4d-9a99-6cf803563452.pdf (https://v5.airtableusercontent.com/v3/u/46/46/1761321600000/N_M-QzX0aPu2luoGVh1B0g/8j1EB24SCOwz7JGYHuZs0Dk5IGXiA2_gdshHhojlo22lKT6WzcePxTaP4zzpEXwROI58z4rWynAYNO0Z6xyk-Zo84kEO3b7N5Tknyecvb9vtQcxObm8xGt3FJjdzZ45qeSVHpi2rBPtPsMg6_sBPj7JSeGNL0v-SfB4FD4HdMc4RDp0RJRDWSv9SQEJn99Ienykc-7sMcX8I_se6_4cAMw/MiSQslgtNohPuyaiuIn9JkqdUSSQ_SyLIU4M-KkQwLg)
104199,a0da2966-cbfe-438c-a329-daead6a2c665.pdf (https://v5.airtableusercontent.com/v3/u/46/46/1761321600000/D1beieUjYF3zMIxj_6_3yw/SvVjlKiq59Zyl-ttEN8G8rxmWEv8k6Etfg4KlZNxVEOY3AHaXYn9UxQqCFrZwqtuK9fbwKep-Eq8TBo4p_R-fTXB1SEhnutUMdx2Z55bQfpY269ylijln1vX4ONm-pyLrhM6G38bWm8VVydIDpFqz-Die3OET6lR5hIxQQzEjzRCFU38w-Z_a4BvObUjEAkYRkvqfVkmWIMrvNZndDYTIQ/xWu5A3W8acozQIh-w-Mv546zydkoRfbL458U83YOX_E)
88097,29668eb5-7b51-4b3a-83d2-e99bdd622186.pdf (https://v5.airtableusercontent.com/v3/u/46/46/1761321600000/wGFNcXN-LORtAERlRNrj0Q/MFbpqY8V3I2KUqiv63AmvVgUX0F2FP8c1kCjxQ9jd9-xln41caU_2ebS5mjhuSCs-foqteqzEveHUU0g_RKDaeQ8K3p5QKGIdU3km6Ahka2EHMUbKlpXC_cVwyfNlxr5JbgqE5ku2rx3FPzV4DH5Y1LmS8BAvb5NJLutcLi7eVgqLkez9rBVCqVqBdOyvXliTRtgiaTJBCBs8xF4wsm-wg/7x_bf27EdcDuM-On1o8bk2zlGQRYEWGWsi44aoeVAbo)
60094,1c2e8144-1386-4483-b4f0-00870172398f.pdf (https://v5.airtableusercontent.com/v3/u/46/46/1761321600000/oYoADs5_BVa7p19mBKaXOw/Buql_cceA3Ysap1mXORxvPiJBm2Rcw5WlQotjC1b-vZ060kv7PL2joc2Eyf43bJAhun7mCDU340RfOdpIBqJ1QeewopIm7W-A6RmHTmA-xqBVvQiA-wPIqHZcBoaNyvzfjNmdcdDfCdRPxbnHV8KgYfluYOQld82TqX501G1v1hEQNfedizExSsmQE2zGmpLUhLJ1SRdnySogDrhEZwBFw/KxqgdTxZ-LBjkz2_PmSdL_5Ya5CjpqpGcEhXkTGSpMY)
104211,295e701d-70e4-4749-8e76-df8328d4d01c.pdf (https://v5.airtableusercontent.com/v3/u/46/46/1761321600000/Z0eAo8XrVoSX7TlL5-Hmnw/GgicWKAyOj2nSA03C5utplP8hGovRkqq9mpIMrvwtoQsHn5kASf6pxgVNFAWneF-86qAzTusFAzSjyKwO43dageqe9CxC44_e0PiaqZunBmps75ckXBZOYsr8lFQiqw6YLfwXdDL75P_n3iaOd7I4tuUSxy5eU5cgON3le0f-mKawPnvt31sYEAr_kVShPH3o5uCeFBTziIR4pSzRk0JGA/RmYRODFstkP4tpZ5i7U1C9VamPhdFKV6LU0nCD2W3ec)
104252,4fbffa80-b121-48c5-8076-c80c9cc4565c.pdf (https://v5.airtableusercontent.com/v3/u/46/46/1761321600000/5Eq96YzwimXbjdy5iNzr0g/XJpbKX0FseSBh3zoQ2wGAaKKI19LoQoC85LYrk7je24ZBLGs9oz-C7fDSolSOa2Teq7tFxHwfrGFbf0HrFntmdfd1_uFMiJ3DxZnAjidwoLD1YorF1xmRKkMm6qrtZuHWOgw1D4IMn-hbXYNBAJH0M4r_IiS8Aq4aGOiBcagOm4rwpec4nLPBvHetkRVJiypEGSNx-LojtXFFRvd6gYUxQ/R7nEVem_JEkg-so8e-YdKqM2AEcvXHN2z0F8MQlwWkU)
108081,0e1fef88-526f-4b9e-bffe-9a6233d0b3f2.pdf (https://v5.airtableusercontent.com/v3/u/46/46/1761321600000/SmPD4csjKxJEWNht8Z5piw/S6k4vGo4x5aC3a-gS-zLw_CmhUBR_7kk2bOWcG4p8kJixyY-88uOHJPnwekkOGNRv67AFXX9ZZlOV1umnWdDpEJpi_W2kb_WVY5EwdjauAS7CJgemLlj9cuwQzeNp9-82sL-A-j1IWTy2kqrYAKAYfjH3VAd6ueIJl_2uXFeip9En9YqP5-x7za-02D8zRXzO4PaWlh7ZUoOwc6e5tpWmQ/B2PuG62rjLAI9MtfPgmwvigA1NUFYb0nj53CCb-DrGY)
108082,d5ff1766-1c45-4df1-8ddc-000a7534b275.pdf (https://v5.airtableusercontent.com/v3/u/46/46/1761321600000/zwT0KMk_ZOlMI6aKhs_1fg/RZDdch02p6KTE6qTcNPz2FrKs8VOmmND1kb2nJO8SBFLjZ9SsknZAGa6sPm37bUYY3g3q_lVto6S01wo_gEzpEex2WfIU-hWtAsmuJZb7RBh-WA8wv_vvwgezDH1Pw2tcS4iwqFMtmiUBoD9Vg9w0kgFCxybSmCZQQuMDiUOF2XTOJA9yPRFHgShxTk502PUBRgnFD8_fo3eDQbn_pPptw/3n29tsj9zdaY0NxNzJ9PXIr-0WJsrznBTzxzg9KDgJw)
108083,6a732325-3638-43e0-9a41-e1d55c7d73cf.pdf (https://v5.airtableusercontent.com/v3/u/46/46/1761321600000/iULwAasQmtbk_q37LHBZjg/XoV2oxT2QWkittG-iPaO-_fq3po3CJuicS3Djn0EIg2XCRqpLuBjK7vRsKWgCOPY-7m6zw_hLS-Ok91rVRFANqg-lCxfpkj2onoFxV6GGijtES0gOqXsbD0RLcsntxgsT3BA7udhQtgH7FDvn9jse35VDySloHSMv5zcKd4Wl4Ea7Y0qOQ7v8fq0Tfimrrw37EOMAWw7rDTEdHODZRLExA/Ur2pxcTV1favpJhIjgDaePclzcXskhhChEIYDilFQpY)
108084,ce070363-8834-469c-b53f-79b0e7163087.pdf (https://v5.airtableusercontent.com/v3/u/46/46/1761321600000/OruoIfoOmDMO8n0_bcp6bg/PbFpFCMh4bwjXoM9i2qpVLFHyF11N-czNWkYcFMFgVEd0n1Rtux4ijoP-sQ42kku_CF2Fe3UItJZ43FCpSzmgpgpPyWQyEd8zWDn-Nx-e2kmcuYVxi_-8Wyx_I1pkVQ_bETLIKzGUPoPZQlcm8B9wzxNfyUshJnodGAYPydHnv_gYOco-WawpaKBSxnZWKS273ac7x9X56sQ4jq3L6DoBA/K77Yr7H6GeekXjoLNczLBeo9Fp70rlppuiPYntaQoRE)
108085,b6f83a2c-e92c-489b-aeca-9d234c014d7c.pdf (https://v5.airtableusercontent.com/v3/u/46/46/1761321600000/i-OfPB40ENCXLQh08l6FgQ/NCYNtFZOkNRxiXk2_ycmOtLcd3Sdi_ttPRtZNDU44aGDz1p5FBHs6NPxp75VZ3vhEB5QYtoy9YmnzqzSlb1DouZO2rlXL4XjARbUIGnGdM7Ve6v6FMc1FBhDst5SjnBCc78jiV6R6O3A9171DjYKa4pFbhnjSh1-9fOnQUdH46Fy-ZIiDJUbo_lDINEUm4JkRzutLQ9j5vT7fwLyDN1oNA/sdJXRJp3iwLmxj034-rHsEJb-kjJLkGUV_Vu_wIUeEg)
96135,265724e3-f86c-4576-9b1c-1d86128e6988.pdf (https://v5.airtableusercontent.com/v3/u/46/46/1761321600000/dpdpCo-HY_-luyoBbUdXhg/uleNS6xIYGqMMd5O5VnnVbEFSz0XFH-CiqjsnH1QqdzpZk3N--91vidcH-x94uuJAdHsfc9iUZtGqucha9jgdWTFcZ8Wpdq9jads5WgEwOv30AHIM_ilX8npbBzcLRi18r7d2IeXRVXmLoNPGVtZVN2ZJj102S29ILpRTPN_4nO3vnLIAkzu2TWTkewYqFjNiKrynlJk_ZqIUJH4t473_Q/0V0XGP_HxJTX1tHEj6cX0UnNWDDdm26OU62Xtpt1x-M)
96133,c7cbf8b1-bd13-4105-b630-61f65e01efc9.pdf (https://v5.airtableusercontent.com/v3/u/46/46/1761321600000/I2wOl74C9SohR0X4xsAcLw/MIAX6_IZBg3WLFYtwvAwKgK3TiNYbWq6f-Z0pUaLFPC-jQmOSJ7-voPtsq26Pk7GyXRaH2DycjyOmRgpALd46bncW8UDOYJn7z3-0Aq8kgAGUZPAgeIr3wkMZMRVbWCHApdcXBTYUVmkwf19AnWlyaNWtIGzUpocM7rqS7eZJ150hjRwglanDNDZl5ePrH_gCFoVZAIV8SdTL8nlosTd2Q/cZ6O59LBIlmbnFwQwO3oKwh_kmM__OcSkJdnm91UWIc)
96134,2a769f78-edd9-4614-9115-845fd7f13570.pdf (https://v5.airtableusercontent.com/v3/u/46/46/1761321600000/j99A8Ue-r4b-22M5jtat9Q/5KRHazTLsfWQbxeh2-fzy2CJazwSd-qk3hiEcfqy9HfCD46-OQrVvnZxttWhJb0RrZBh5J5h6TAvX196Fi8guPOG5iUaYi_u3O5poo1Qz1eDM9Eb9qKaiLpYR73OFKQV3LwACLYj4ndvy2s_OnVguCelezsd8DKaPEpk1U4gZD2t6tk5v8hGb5V0EhyeByhf-ePvEGWtc4SR1c-QzgULwQ/Wh8dHCY2QE2DIN5GJhgwVPHbjxxUQ5wtjalto2xRMcA)
96136,16ff316a-094e-4356-a8de-14aaa4a6f006.pdf (https://v5.airtableusercontent.com/v3/u/46/46/1761321600000/A-wZRgn6B-shjAXTQKa4aQ/AYCT-lPafADV4W9C0LleCH6qxmJBbIE6ZKz5cmLRK3M07f_RcLsjl4hKyc0A0cgn3MDn22_Uf3PY3-ye--oNP5UWhaTfI23knt0a0T0OlWvUVCdppqFsdjSFogC39-r3gaANa7goHfqFOsMfDg0AxDPypx9q_KICiYNl8qNBStV0H5qmiaSBcFfrrRJvrNTtRq3UxDSAX5C1sAXK7peXNw/4MX9AGxKQIN-2FdUMjLLkUiorvsjJ0_eu2xZrh0l7Bo)
84795,a2de3283-561c-4d5a-a608-e0df80d4fe04.pdf (https://v5.airtableusercontent.com/v3/u/46/46/1761321600000/wQOO6Yta4cAMXd_FlTFR7A/F-Acq4wt_XPwshXMPpw5mOlpnANtggtxKu5J08K9pAI5dRH3Ls0u7VabcDrn-31WhhZlQqRYOcTGVh6ybWXtXfo7DHi0c-yBQOQHtiU3ulf4rzMNTqBJtdgvZJJZWe1i86GfbP7LKRvBgYi6TpJmc4Xllh5-IDUYPAPETj6WP3grBEG2xDkqRST_IQyK0vmYxia-QRGueB7pZ2QLkRWKWw/zzouzZadkMKrmKPGb9wW-VhssbEqEiRCXXVor-zBJhk)
102746,aa96f8ee-e25f-4cc2-96bd-9d5d35ecbf48.pdf (https://v5.airtableusercontent.com/v3/u/46/46/1761321600000/Rt6ehbU8x1yxi8TPUpyGhw/GYu-EOgV9zCUeMoZ1Wf-JF_8AHXhs9BsJAOGWiehs3Z6ILsTqpSVfkR_Mwxk-iMHI1pb3zZeEkJmz_UGYMWRFmRV-QDWVa_f14g6R1oYg1vr5MNqfTNlwmF-6RVZCRZMaP7-PzWd3XV9vBkmCtn88PwNstDY2kQYi2Pz4G3PdPbZ72t_FVpMV2w82kdvS7AC2SFlVyBqeSczketPEIJDcQ/GSfBMlbrg_3b9_4Lz8TvHyuklHTh0LLZfXtwZLezg-8)
98519,528285f1-88ff-48b7-8499-fdb4f1609a3b.pdf (https://v5.airtableusercontent.com/v3/u/46/46/1761321600000/KRNpazQw-u8dc6IH0Gyhug/h3iPYh0SREi0EajnmeR0jL7LNSEdQhtMm02fQ7-LOI3UTXtLwikmM1qBCfiVCxlluElUyA4v864nNQN6b_VYCDFxkHyc5YRbDTvUVYDR6s4hjZeAt_DR69gaAcO8t4qYDnrM0of2JM5JcjkcTaO93OhrDsATjdz9pHB5vJZsI0WXek6KBNlsz_SmZYVTS3BCdFtx9giY0vNBVxDA0Kvwig/a5_Gj9Iow8MvKBidJMKS-R9QNF7UalGKvU2p0ye-Xik)
98520,8bc65e81-3edf-4473-90a3-09c1134698af.pdf (https://v5.airtableusercontent.com/v3/u/46/46/1761321600000/rGcPgLAPoo5ynv6xwtscRg/zXODhtdIOlHJsS7w47a4tCdkiGtebeNqbEU2OilIdLTEqQjktoJP61l06cZiK6KZFYQd83BPYmMqNgMz6xav5OqqWv5Dt9oSTOFkiPh4K7SNWKakKU5tLZlveDAyh1JFcDH5EfBQHlhMXOz4Bi_4aQiLR3Yd92VJlJb-YvvkM9npGJtqvAdF8gWIalY2gOIMsfka3AwGAOya8KaJWWO0OA/6iF4IXpqIGHPSUPD761Z8p53E4JsUbmyQNIudcFkI6k)
98521,7e4978a2-ab10-43f7-a166-b069c41b2826.pdf (https://v5.airtableusercontent.com/v3/u/46/46/1761321600000/ou8F-h5g-sAE9P5OuEPnRw/_3TtOXcE4vvmu_CgWomJ5BpsvhGYRe52s2teY5SwsgVapxQB0dg4RM1XeDBLvnuZd_-ln-QJku8fAySEHAffU1r031P3CRRNWXgtVCvjGi1BJBW1d8c1Glh8EpBbOCNsReFOxPDrm1Vxmssw0xr39pS1MWI4fxFY1-m7IYcimNmIBVI1ssV6liHyvk-YJ8mI2s3XSh-RNZPkoOOmVOnzbg/KSrfLF5_LWGGyQG-RS2tlJfDzD4XB-kakywBbCkdjmM)
98523,77ae884f-3373-4d24-ae14-fc4768c25245.pdf (https://v5.airtableusercontent.com/v3/u/46/46/1761321600000/_-59BU1WwOJE6FumuI1s2g/hUPF_jAoJb4k99hBO19T2LHTDtyjNBXEjFkd8vxUBBnCmFdapX7nBKtv2dLwDgurb2jcOQjDp0TJRT1847tIDPCmcO95-VskKmlSMbBLLkixs76CBccCq0ELAmlooUpXfnxUdkBegRbPb139IqczPfvMZstlPDaVaXtD4Ud0oXz9XnDfZTXPEkGaXpFotq-Xjal3wKxa7XZVPFZX81B2Lg/r-jXAxuKmb4wzVOd1zIa44t6t1SPgjwxXUXL6LDSgpc)
98524,c29e277d-cfc1-428a-85a4-a59c01eeb9af.pdf (https://v5.airtableusercontent.com/v3/u/46/46/1761321600000/CadpfMhVHfVTwuicskFg1Q/8Ae7oxhg3c5PaHupmtwexFni7gyaMgJB2PL8TC6rLvf0tj7QRm09NOgDDge0C0nNUmim94tYHOJS4YCI4YeDLGBkzPuY2H_d6ng9AhLKD4vfPzNmd9CY7mOqI39NG0fry3gaq7vDt1SwAMSjItdVFgIQUiiUjbw-tihS2JANPozvbNsH4NQs9zBmu-27kYzX_Cw9rn0F9G8T43V7gzu4jA/dikGfLZ1FZZH-1b63dMZWj5FSZ3ybzKaG7VJ0e98-JA)
112383,99c04e07-831d-4cc3-a1a8-efc021398429.pdf (https://v5.airtableusercontent.com/v3/u/46/46/1761321600000/-nzqib88-VGFFuRGsPYZgA/9crpFaL-iSb2pmBjDRs4noNkyO491u3tvd7TY_zzE1FhA4xEk5CoGyPV7uFkg4u6v94oy_hwrMCAivb-8VzXa71gYKICKmkYUOvN5XSQxNbHy6j6lVYtVmKfzo0iJg66fGLuIM6rjiuQx6qhWK4UQcvun4OWY_BapMH-IZK_dsNTutYrUAwfSfhSmLZtuPURuJD3d3vm1fCtCeq1LEKRrg/oDaskRWWzSYUzMEtmq8JFP07nibbHzRL4zpeCbCO988)
112382,fdc42a71-d3d7-498b-8192-a90b19ecf30d.pdf (https://v5.airtableusercontent.com/v3/u/46/46/1761321600000/tRuw9eSIMBsEcSt-JDmkww/Tg6nphwrwUeeqmZpGOBNllXhO3hJiyqqeWcA0LP7TMs3dViNfe5vGdyd5Viwq5Ob0ihj4ydMCp0yHvVhvHks864ZCHr1uqYxi0pAXXnwe3YvtLHQ52X9FCaFHTIlZpWyey9NIw4e6OtKuORax29MdE3zLP4unzDV2kYlRgbrUF9ofDU74Qw1qyqy8JjXq-AdJeB17Fqu0ZbkYE6x6Q8hxg/FE6uDEoeHqUFPYmwnyDUkV2jEQISF7wRQb5SRKnh4-c)
112381,d4ece1d6-69fe-4bf3-a0c7-ce54e8a4e892.pdf (https://v5.airtableusercontent.com/v3/u/46/46/1761321600000/y8-NdGpCYM-YLOcpSVK99g/94-ngy_jV91t_4ad1053PwluRR-X2RLyLgAQPDNYwL74Fnad6QYq0E5kSM00g5_6Gn-SSg_lGHQK5iObSCwIq4QeUtgFrEHJfC8KPgVVNdEbu2YvPjXTMvCwj2wMEWWTEclYgokhYeZizS0fLH1AEI76zEHNewmzs3jmnvGhrDhW6w1vRcb4Z7ONs75_ukUKR-xewYAvblWkpDOXZBpi7g/KF9Ac11iMGLn_24Io8hyiNw8FGJG8dO1TmySsiJYi_I)
112380,77c6f152-c7ed-4e97-9570-18fd238bc6ca.pdf (https://v5.airtableusercontent.com/v3/u/46/46/1761321600000/zhSvXFN5KnxAV_E8ZK3ZCg/_ttndNOp_3gH3IbTmRypB7vfPJOqizoVmQ9FRhH8btwhH2Yiml_DPi9MbwtyZ45RyvGFv2J4CwpPb66tuQt6Z5-kNWzTKIuiGOmg5aCj1m54jazHD_83rjR_sJY_VnBm1zdiaDl_hYD-RjPLrQVTkqoC6KQKc_dnoNYWpzfOnU7GWbTO-oAQLZJZWTdispfh-9hKKGcNpZHlZCoenp3Z8w/ETx2S3D0Q0VfsWP5a4yyZQZupdbfzYnZyL-pdL8cE8o)
112379,89ce0fb4-0348-43a7-818e-85f1a2dd04d3.pdf (https://v5.airtableusercontent.com/v3/u/46/46/1761321600000/Z6DGXhKhmDNWnoWtvSegPg/dUZCdEV5MpfgvTt5wSefgQJbK9cxKc29ytGS5Y5r1ZtwZdlhgC3qYyuXb0bzB54833BOfN4dQbZmOcsari5MaAqaEvJFw32hUf-sc9xPzkplEKveF0M2DCFouI99xNketTaJ4sO5EcuUFRekTOYhgvVXojmahu0OR8e-SVQkMHVzoJEDAEFODYTK4UAzXQcb8xyU7wcwT46AjVHg-hNGpQ/gpa0_N71xRLMG0_IG8Px8ceQxQnuJ_-8nJ89-HJsJmY)
102745,bf316823-8840-4107-a43c-968f9b50dc22.pdf (https://v5.airtableusercontent.com/v3/u/46/46/1761321600000/bN0_U3wncOQSx1h58hp1GQ/LEDi62uo0YBLBpT5gVdVZYfSivonhj-u2vVp7YdNPM4-orfK61LNnjVdwZiMl8tVV_DR-GDlN04SptwWRWE2fWtomtKCwz1pVsgZBmyy79R--vrS0QEi_FR4XlGK4Rw7goKaX1FX7iXfoQaP3IsbjtJUIPzE5uqcDFCe5_BHmhPa6qFEXAQAU3fzKP_tycD3FQcKtX28hsljzkwux4Rt9g/UhsoHsZxpJgj08IjVK6mTrc6gFpObprAZDp8AUDkK0k)
112378,5814e4ec-4df3-446a-a5a2-011471b3c1be.pdf (https://v5.airtableusercontent.com/v3/u/46/46/1761321600000/0lI-KU7Z-qUXZ5zwQoqL3Q/YseRDhjY9Zl7gdQg8rE_RDeZc-SbWie776OLxfKWKdpNoWGKccNoim48-4tSwLkLt3kTU-bUbXAVCxbFySglxJmGYjq2DPbTy8vKWWaA3AhSuPi1mT5DZaRYWPPOcawSf8ZxxkH4yXOGO3Y3_r8DwK0YdmuGKbhPyMaRAnsNfquTLYUXsxMcrE3RtrOcC6hFnZfWaoaMVdny8BCCGvVqFg/Gghjnz_b8UUmndOJGmi8Q1VG89dD8k3Xz16NJZxx2j4)
112376,ec27d5aa-c54c-4cdd-beb9-84c37e8fb7b4.pdf (https://v5.airtableusercontent.com/v3/u/46/46/1761321600000/zKmqKS-ORlt3KQY2FQRCQw/bhk_gCmBKsR-8FQdyU3-W46CGivPwheUjCYp2KSwcl_EAqwTJAhw0oXYElnGj7TSq_NwF_khHl5hjBU_aLCW25yjZCWdUO1maGZiWO06IgJ-cmg8OySQks01pQoNfW1AlPh85AkPuP8XVvfWJ8n9A58QjwAqWczbgAIN1cynG51nstOihY_m5JS_m71NWSkG45Q0EdhL77eb-DVQO9M8Sw/Fqf-gz6D_6D-lnQnlXoZYm0p6AgNKHpL3S-DwrhltA8)
112377,7d533a4a-c593-42a9-8fb3-260b943c6d1d.pdf (https://v5.airtableusercontent.com/v3/u/46/46/1761321600000/jjgZh2IBGFqk2SH3Nj1M1Q/OPnsVQkpsLxLnD0dhV94nR2QwdFkbV8i2QxIEXnmaEn1Z47Q47vQnQbEKK6yAAovWH8V9eb5_nqe4bELZ0vWANupVsd4p7kiqaFfU9HvpWLDgP2DlzUSI-oCUo9qlReWSLq8KOjvIueu9R4NScfANj4Y90jeqZhp2BDTqNMlWPCVl2TFsDdDcJDDeDZWNy-y4WSsogKsNJrPOO86kaDdQw/suMCYRMJU063ZVy12G3rMVxc2CjzezSknuvBVCXwLk4)
112375,b8f2c91f-2081-45c8-9bee-c797ac96ad0a.pdf (https://v5.airtableusercontent.com/v3/u/46/46/1761321600000/9FRpEL_vCB3xHu2OHhLqQQ/crTrHU584HVjhZTWZ4RYwXTiOx-BxwJz5PZv0TeRYO5le0k_kH5ewQRxLB9g4BvD-MOf82IRpqO1wpkS4OiJM0SQNS8K0mB_yh5yuPgdMYWLiMIXx5bMt_mc25EcrjJuJb39NjfP38ifl4TBNt4AJUTUnIkYdLtNm19EukAGDGIKdFX9wq7prCQF2_0ofqsxuvr-7iaMTS-z4ZPlqQOusQ/7SUGNp6RESntWV_vgmd1LvAcJNxytUd0cwAupABzJ5w)
112373,e04e8165-1e80-46d7-9f8a-55e2c3b6d40e.pdf (https://v5.airtableusercontent.com/v3/u/46/46/1761321600000/lgOtyNqCasT4gCJ4C6hqqA/XETgn9bt9ehbstm6aq_pK8LBJzz2Udtzw2k57ElggDW4LniZUMejYl8ZJWg6sHcytf0YZouP8r4uSD3NdKRlLsMoQR7kScJL_4pIfyH3vgxABT-0m9NY50qeQ7D4FZVX7tVULMjEP82tYdWKtNA2Vv65Oe4gojQNu_5kf6gNs7hGKKppklJA12Pj-YFCb7S2PR0o9JuETIe0h7b-OohFXQ/x46Q_Uh5L4xCGRHUMnwIx8efvfhN7x8WquLiiSIeyRQ)
112374,1f6c10a4-2fc7-4b39-8103-c1982cfcb761.pdf (https://v5.airtableusercontent.com/v3/u/46/46/1761321600000/izpNDbk0hDeEXGZyF4WBaw/TseYTiBdxhjp-QEoM_9Bg0BHkyT96bVa7LXSJwM-3_LLtN-ppAWT46HvQJlVgA_voPpoz9A4E7RXqnzLH1g_UjuR1WDSVNnPaEfD_rak_pycSK662wR04zqjzfAonkGvohfvpfXankWPw7e8h5-FUlSotT2R3aMs44kZb2Y4XxbD4ZJERNe4a8MP2ipcyRwlY9ssqnaMdAIujjCFk70nvw/QbkoQSUW2FgIwdT5q7tw5myXzUkwf0fMR418o8anjB4)
112372,7a523d96-020a-4b23-a6d9-4c2e80ec118b.pdf (https://v5.airtableusercontent.com/v3/u/46/46/1761321600000/OaDuGZwlAo7Z_65SXczqaw/Pq_jWpP-GpXuW0d951s7G2RHdpsc3QkAISTFovo2v_hXCo9voxB6XIZgMCVLZbEj4OjUFzAG7jHw-OnIHtdBDCz4uWyfqUaEgEH2cXmnAFKDx92l8U5utVhyw0YqYPfWVjJDUF4iSaKIYh2yPYf2J9c2UR3Vnni4qRxY5KvRnrIqB-TYZkr5szLS_PwAetnTyzS1ziaxyd1rLVr2k7ZfdA/vRcscN0pAaoBlmjOVZLQNN-a3wK1JU5qDRcrb4sETA4)
93894,db95533b-f6a9-4368-a8bc-06a9c9d9ff87.pdf (https://v5.airtableusercontent.com/v3/u/46/46/1761321600000/7jjSZ3Zr_iK05Tangchldw/GjXUMguDl_009-jn7ty2oNAqawSTzJm7FV-oqFgXS7ZYxhI7s3CuBGH7cad-GAy9EyrmH-fozFhSJn_fy1JsBm-kzLPM0Z3vW2dgMbBtAk5oJMbpOhLF7wI5p-MmS5Gcp4koHcrZh_2w0czpQZvBUPe-5rH9FBv6_ljBTZjIzLJlujjpQZ1y-KdE6RG0-MDYnaXI-m3KTd9S0ldlVy2JIg/aYHPFqNVGGbVYYx7CPoZeCAedy4LW-33LGiRyEwv1ZQ)
102864,de429483-c90e-42fc-aeda-0f6200501dbf.pdf (https://v5.airtableusercontent.com/v3/u/46/46/1761321600000/t_6mrBLQO8j0fNS8sV28LA/vpFQPX13Eu0WcOVuPmo2UQV0FSqtq6Sf93m1QeH234gXAdPJcRp7sRNGAhaN5Ciz6ZpelVfHoAY5_vyZFkOB3SNhfGqhFy2L9j2DcHrtxWp4Oj3tugJa8_mtEgHTAqqasP1QnQ-YlkCgUNwNhCA27HgGnKwK7YtxSrr_SRaeiL4ChLdovr48HO6PVZ5mvYtA4e43xArYKINqlezmo8_NXg/lbsT_kneD6fQjz9P1QXkiNZ0tTTsMIDZVcN39vleuvI)
93902,9498213a-d8b6-4646-ba41-0fba48edf32a.pdf (https://v5.airtableusercontent.com/v3/u/46/46/1761321600000/g4unoidbTEC7KtATctmh4A/-lhy1_8IaToyxYORbyokGMhJ4CGstUOBhSMKVfHXOxDnnf-8gLSe7ob3CPHpWWRo50fLxJyqy3Ls7t9or_CVyabWSD5ZPjeEO_l931KuV-y3YsVfyaOTcDzEgbDX0U6CBMImK_1IjAFlDCn-031GjL2gSrUJ6ZtF9p1e_-AHK-2zJ6CO3yAX0YyD9xZs_niC89XmHcLG6KZffIdZnNVBvg/6m3q8c2fwElZ4WUMCZEHqkOsR8-x0qwyeE9aBCPjBgs)
93893,b7a492cf-7089-45f8-9edc-41734ec1c86f.pdf (https://v5.airtableusercontent.com/v3/u/46/46/1761321600000/FWtQjqB5-cDIcXutqaKDqQ/Gmp_61hHGH_1KW-8AOSaTIW7g4_MxIYB5ffMNQpnjUa2yNG-2EgcEytez-ExvUf4Ti1rW6UJlikTFI5vpwT0Tw_NIc7dQifxi-ILVMq8DDYkV0TBvnzImRq9s3lxPoe6C9uxXEgpyYlyv3PFccW3UbtGKPmLinnR1t0u3kvsodnlVepWDur2X0WNBHYAt_8NLwoMUAnDLV_HDu_coL-GXA/LXud8zPsRaiI2zUyHzBmdIggywSUNeuIBQrL0xPdDxc)
93899,98bdca54-93f1-4e3d-9eba-e3a96774ee33.pdf (https://v5.airtableusercontent.com/v3/u/46/46/1761321600000/imoRcnRR2XTJZQpAu3ukmA/d8og4SKligacz6WA35SfTRy7042uCybOsIqIyZkeih-ok6JhEdwa1YuBLW3EyKufBHxu4VMbAT8OKRlLh1VZoUe1DO8U2WcSUOFhbWnoYTXFLMNIlIaJ4uoPb_uytUUA5630dcRe0LayObiimsrOjxl9-Oq8zc7ThCxywE27cH0WS78GCC5yauAFkowIfCxLnkONj2NKtfiBC5nxP777Kw/D6QNB2UUp_GMLsb9HaMywK0AqQRji9nyrHbbZgWfTUo)
93905,361f316c-f586-4da1-8beb-c22a9e9339ba.pdf (https://v5.airtableusercontent.com/v3/u/46/46/1761321600000/NHwd6lhAKn8xfoH1whETHQ/PyjvYBHUyXf18m9J6g9Ppnj_B4Lw0c-PDRNEaTDcmeaAA0oEj649vzsWWXU9k8jA4Hdt21A-Q15MCQqy9FmqOy_NEjoJ11aKroF0sTq1I-9ZgISIirdjBKYY-UUX3ms8MhaQsr0uZPbAmRtcGgh-rAn92Q29af4lqXv7RUB_IA6ikL8aegr7696Q3RuFgzsCjOOoENkTTNZkI9GQcl1Nzw/9TTTVoGdDMntF1jYIjq6b-mHRTA6YUNFS1KEafsaoXI)
93907,85e29268-8765-4906-b86d-5406e0e1041c.pdf (https://v5.airtableusercontent.com/v3/u/46/46/1761321600000/GWxp9u6vCu3wSzKYrvZZzQ/k1KDhQd8vPOet2IIqwPQYDvbs2uPez4UApAbutUwtk7aBfVVUGI3Mj4i8UXgPL_0l8y-RuXG1cRlkIIjVvgiUHz0wQF45oXMYQX_Yr77-Gzf3P52vSfGN_HxXlMt1jTJBo3QHcYK49vhepFzHNO_I9QZQrojb1jwYPR5ebFvsAGTIaokh0BTLO_PfaqwRBmyXbeo0eyo3J9jK0r-KWDXnA/TDQWE6EggtIdWyCrIoVJAUTxDYAx6XiK1rHyaHljvpA)
100256,fbc39b25-0132-41ef-bcba-0675f0b1deb7.pdf (https://v5.airtableusercontent.com/v3/u/46/46/1761321600000/paIgtAMynk0eXTNdgpOL9Q/g9j2J9OFm7oAK3ekdP1lZmvO1vhNNpbpSV5heqb_j6ySQI3YzrzdHWNCpsvwuLQT2Taefw_5lXdlwwEr7fYeCh4Jt24ME2jmsUPhcOQx5dQgvpaVyXgjvpbC3E6PSaBfW8cd_CWROXA5moHhkqiojWHmAaUtsFh1hTiqH3zj5JZ6ZZuclCpqLkUXUzI6ojsSbsgOw_vmoVs58UEFa5yFDA/Faeozpfw89s4Vy5bq0pF53y4WGPi6CL0fiqY02kEWiI)
99467,0f2a3259-a2da-4423-8b3d-cb0a6e0b3a34.pdf (https://v5.airtableusercontent.com/v3/u/46/46/1761321600000/eUrlQv_Wn0ftM2C2aQY8Ig/DkcNlhIYx6QESE2RNo_Ko4pMR8bIodbOK2y2iINDOkiwn62kjpNvI5N_O555xuHXuB6zVLBuI6-02zo_EwwVLEtl8ANsVNtbxbaIBGhcLmSXLwruDHI_uAUaYW660LSMKAmtJ6B4M-P5vOwHSPDvWf-_uMiHcYGkvaFjxr9_tTgdYDe4HWk5bcuuaQCU4ITJYbOq6gpdyDDyVJQVRRkZQA/FWZucgXXn_hsWT_4lONculEl4U9BeT9dsziG-9tTaD0)
92106,5a3ffefc-dbe0-45c1-a545-03e94bcdb7dd.pdf (https://v5.airtableusercontent.com/v3/u/46/46/1761321600000/QNpCmc8Cpxjn92qcNhVM9w/w068IgV9aqcX_kMLBMoW5suDAv-q_5rRMiOGTrDcs83oNmjlahH7D5NAW_tvZURjCI0A0cyaSJIJa1LbcM080c0B5BcLbkkJajOLZghX6JGMdgO9mp-sbJ1cljaHrfIWFjWexbTykPjjt8UYO6R9dFocioOnKwXFdOS8HChf_xu5WNKdrty96EGtbZjhVi4QhJvM1xjA_Bu3eX55NSuCQg/Z8RfMPpcwtK0vd4gDjp36GiWbNWVzbsYMXKEeS32W3A)
110430,2244785a-42b9-4acd-a242-b9e93588fa6d.pdf (https://v5.airtableusercontent.com/v3/u/46/46/1761321600000/m5k1zVuVOyObbz1HbQfY-w/FulxLe8DIlPdxnSTyO6vGzbP1rD-QVS-QgFscRoARvjiToXaJ2qhRw9k5hWwPIGHUGNAzqLbtlYfadyCWs8j8ntZY3m-5eaN9BIaJfzCqsuw0A4sj1j6m-ayC-JLxFBP7Yszp_3VClJyGEg4FgRInWe_xH8EtzgIA18dsD5jaQOX82JrXHhXqqehy2LNhZCXtGPYZzWLZY3kl9AbAlGQtA/AYfO1xsPz1s821AchZm_cLPfcE3JBMH8ifIaPsh6eS4)
110427,3a8979cf-f710-427c-9012-39e2eff71e39.pdf (https://v5.airtableusercontent.com/v3/u/46/46/1761321600000/8vmlLKFS7QV7JVCWe1OChg/A6ybEYcPNWZsqu6zet81AH4aEfXtLU9ony5zAYQZCMaJOQaDGTm20QfcN9T3ZXfz7283Pm6Szm0bBQpeXOCmSsUNv0UgbDikRyBzP4gwoxZReuzpNUH5ea3JgiOg_qhxcVhQL-Slq9-dheAn-bsAj5-yezaUfuLvQc1uERpDEFwWD5Hc6_oCKlruQrS9mDTCE6KXhrUUapt-QBQHZSYgBg/EzthN6ysnrab-ntbCPUfH5JEOVPZrBHCDYl5P9jtG1U)
110428,ee8ab0b0-1f12-4487-b1ba-01a4e8ca1657.pdf (https://v5.airtableusercontent.com/v3/u/46/46/1761321600000/4aiL_TwxTyN4mo-YIpOEjQ/tS0o04dPGB-Vx32MgCn5xoc2ZXs4F1UnUTAoJXXbbk8e97lQhd0HRqEB4sriP4aQQPFyov2Jf_ZQORKSClk6hufTMHCQp8S8rqvhZd8-CTkrFjqvgkSjNz5tjKLkXINfVA2DglyIUoiE9HQc16rJ640vBGRVvP1IpLNMjjkZILvl2WyX6Kdw2m_RlC3Ap1Ehz3JWFwqojXjPhtDM6lJbWQ/O05CNgvMeqW9OgZjtnjM7G_CZtoOwDF3W2ckyAPLUZY)
110429,5fab8b58-b3b1-4846-b660-bb503221aefd.pdf (https://v5.airtableusercontent.com/v3/u/46/46/1761321600000/vjOHjO1PXg6Ld74IgYeWng/TkvJgum0R9QUUGQ8J0g3_nyr6Jp9TCWHDgZU9c6ivmY9fqkbLLdvJeNeh1HXYB46PMHn1ngfufxmaeLZrk8aze8-D5j0JYLL0Mge-S6oKVwzRv2bS4OnzhyiNASTgoS4OipyrTEX3GWgMGEgI2Am8XPf2oVUyC-spjjUVMdQYEshzbsAB8N0HoHmZ24MwkjBXVlgIJ3D2AoW50RuqLbQxg/L5Z-UO3LCz1oq35NaG1Lbm0HNC-39UBC5lrDj6yTZF0)
110424,4d2e60aa-fce0-4bd0-ab94-f3afda6a74ba.pdf (https://v5.airtableusercontent.com/v3/u/46/46/1761321600000/kZSwSP6a_Oa-FTvEGWHQaQ/fBiqjcAtf77ujiOyz_ifS0KxICpVwUPY0Z-B2AaBIiy8qj9rRduuYK5lnxKXKJBoknH3igt_ZH7jCu4-ZLqypbEhWx123S9mktnFKDvLpJ6LvvunnkRi3K1I02VFdee0IESONxGVt8_MuPFnuF50fC5FaihMQqM_F4WUb0f0_QKQTPGbbdfKOnzz7YQC0GCAY6kwsYETfUHNOSEkNbgmHw/Byx12zBSrq4pQV7b5YbS_6x5Q0nFivdoYNDzSV5qrTg)
110425,84f230e6-eacf-4b7b-9b98-05064ab767bb.pdf (https://v5.airtableusercontent.com/v3/u/46/46/1761321600000/SMCHSFFlzvUQ__a4zzFDsQ/QkFNZ-vDHETpqJlHCqpVdLb0o4-Jy7bMNDn8dw7fWbmdk_TVhVMAIm6xHjdCfF6ViJ_ljnQgd1hi42haysCdhTRmK5mw8POg3KD7LJ_OfyWfSqIddJkV42I2bheG4U4NTJKjQTVD_1w08sjv_U_xmKRnHFqrFqlZnHHxgCeyAZZZj_eyItbfY1MO_cnG5hqXolwbn6ujbX5ap8zSE8Hh6g/7SgXnWmglgVW_033HjqdsKdg8FHjx4cEr53S-8UWgvU)
110426,f6012a13-7f95-45b6-bce4-96449a400820.pdf (https://v5.airtableusercontent.com/v3/u/46/46/1761321600000/Ez-5mPEnFsgRVIZ8Fucqhw/9dE1alKGocEnWN9wEvqdouLR9731EVV7IC1D70gOQ_iD4FWtW4GF5c2Nf23C5rycCRsQZGTwMBQD1RGCXdBcqQGDVvTAbRbVPnu-yUFk2rNzMVlvI-PYy8zTkcUjkFfIWUuebXWiJBPUwYvijgBm-bQ6f8Ij9mv8E6dzElE4WyKcOUsr6850P-AuoJxxwmSAgI1iV0-FG1G2AwT916JCLQ/5KgMkQZBW297h3FSG3yYe7IqmujiJvI72UZnNWOo_Os)
110423,9ac9edd1-a4cf-4785-9ff8-7dab44fb014b.pdf (https://v5.airtableusercontent.com/v3/u/46/46/1761321600000/M9vIOKtddkArCTBtrYA_0Q/JXqP6D61NIqmafPNu0rCwV3k0iezcrg5zjdYa2yxuE6yKtbVaMQ9wwCwpboQ10ha0nmkUJfElhlWzlklKfZImzhrspg0IqHKyvTEB__9uPNvZxw55BqHKQ0k8BtnCyNQ4diDFa4A8sR3QjOCvCcZPyCnG9ZwXic4tSglytuy9bRb7vj7fZqb2y9R_5oBQqu1I54BvLsUn3bswR3bNAe8Xw/qg8lvFk7_hph9S5JqcQGlZuIECXb6HRsIT00DlKDgvA)
92107,bf8de709-041c-44bd-9cc3-8f53fef44e9b.pdf (https://v5.airtableusercontent.com/v3/u/46/46/1761321600000/4hvFAqHpF8rU5caY3lGbnw/16-2N8rkTR0ekWqao7SC-ajQfKyhgPkX9qnGk0ZUshei2tn6Pb7kuO_inpSeNAhEIWVN3R78V7rF042HGx5GJondj8ugVC0u7tW_V1pFfXEAv5DoQb72IXgurBMqCUSrk6z3HOKzEfYD0vgyr9LG_plGxW21wk0FVA6V0ZH-LfkL_9wvmYOmuXFLu9XbGPVc9mj7PvvvxJWo7yVvaoiL3Q/OKQLMHiuQtit0VMH3k7qYTsXXYqYvrmAp5diVIOHdhg)
110421,69ebaa53-bc01-4fe1-8c3c-dee56d236128.pdf (https://v5.airtableusercontent.com/v3/u/46/46/1761321600000/0tMeLb8dxT7RXHF0HazROg/wtpiAuX98gjLlRQSwp8FDLCkgzjOe19seG6R59G-VmsxbcVCzsn3VR1UZCJfaGGOcKJdIiGcYeFfR7mO3uAb7_rA6dqfq2Uy1_Jy8muiHnexq6euYmXrWWphe9rLFFMoGz2blGxLylVZqqzyxMJ8NcWIkYQvsQZ17cHCNu4VSM3z3LF5BCSZi2P-JdU6B5PkiSclklf45NkeD2KTnBSquA/jbTt4SIPbTlPlElBcnguGEQCE6Zr8MRF6wdAK-758NI)
110422,1905cba4-040f-496a-a5e8-98fb17fb0b46.pdf (https://v5.airtableusercontent.com/v3/u/46/46/1761321600000/sVMJPmvNbQkBhzekyFfTFA/htprx8OmRl_2SiYM5ojxoKAeuvlNq5v1zw0hM05JJ024b3nK6eJXU98VGVNz_Cfmn7tCZ9MKjY08dCNO9GvcO0ZE2oS8i2MGz2Hx6EGteEq3SW8IVCJi2GdoVgvVFGxkD2zeNUCVPApHpVCVh5gb_OpR1gRZlfJQBoGco4n4GRk1ToXQtQ9L68oaKb8jQKJ4saEALjnHJEWYVgVkZfFKVA/BIozPN2qElGD8Iy9KLH5uB9WtGbwQd2QygXGBVLAYYw)
110420,7bc29a9c-1be2-4fc1-878f-7056d8464a8a.pdf (https://v5.airtableusercontent.com/v3/u/46/46/1761321600000/_qQ7l2--LuU4iW42xDNc1g/-q_HdRq-5TccI292Dov8BinjGAVu_ERhBCJ0K77uB1G1_gy7LXTn5ze66cgr--EWOueZ_VG5BZTJaI5_-pbKdsIeDmHjiJiqmjGtNQBn9OWg49pRk7lv8X3um5IRJYYSphVeElu2kT-ekFQFf2VJ1QD7SLVBWPMj4ul6Br77mQ-2rJlKA1Gm0cZhvSFrMuCIe6jExfZPYdeDk0__QOOeRA/WnkXIULYFAKkruCxEAw0kOeaDP5rM927xfw_-yQQbOU)
110419,d3c13331-00b1-4e56-9d69-fbddf14a79a8.pdf (https://v5.airtableusercontent.com/v3/u/46/46/1761321600000/-m_I93je-Xf4Wt13S8_pdQ/dYdjh3OQ7AvSF4S7KXkn1O6jxFqWVbz9RrYLmccnEeNklm4D3Ry-w2bUZ89A9uiJWJHZ7HLurVq9PCKVT0sen3VVZ6dhUkRmfQgcAQTzSknEUmpiJ5ng3xnxSx1esz_bPY9wlWH4ef2MctOMP-A8_DGQaeFoP1avj4gjP7SGWv8emHbB0KDJ2scmzZSqtUEQ6-Tgw8deeYm-jro5lq0Kgg/b3LFq8xepyxTchh70pPdMPMMjFojR651bO6w6lwzbuE)
92103,0ab4e494-66ed-4ddf-a99c-aa8668495cfb.pdf (https://v5.airtableusercontent.com/v3/u/46/46/1761321600000/gWtLSAlYy6cFlRZDgwHlxQ/VPYSiYSWckLIrPfnXC7Oyc7QGwYLdh-lvQa-ofzivXNSOQmp0uQNUePmcU7kT6iaOS4Q2APPH75fqNzbStZL-qmCkepb0Ar9mJQBGKg9JHGAWg2lsxroApHbro9-6Ew5xWrEiPXuz0RX8ZsGXSTvRglrl4YgmBMrM4PhWyZbSv7muy3LatyycNh98BizuC-u-EnUAdxVsaLPEYKWbU_J_g/xfGW6oRRKGLup-UE6ETUh1_bQoAFCLQ5oJgGbfmxBDs)
110418,1fc32439-bacd-4296-9cb1-371730402868.pdf (https://v5.airtableusercontent.com/v3/u/46/46/1761321600000/Rg330fkX0CcIAB_KJjXP6A/2bBhHQ0U783mIno6Jby0Ez2YRC_US8xLdqvWYEz8rQYQ8IxnthqGQXVgVeO-oh4dJGMl1TPh_wbl42s1vvKVG7yFGLsL1XjerADyxUZkztSsiqC0YTf1nwMCZtXbZF8-DHDK0E9kHDbCMmGLjUmhmvo8Fs-aYU2Ig-jGnnlwI0Z7xaDo0Ibm2Tsk27EQEOA16W7nIIaw4GMjc8DXFeJG7g/xiHGAsgRs7WzeGQ65PfQWTNYZwXjnvGyCzW4ue00EGI)
110401,ae7e9f62-529f-445a-91a3-970ff792d653.pdf (https://v5.airtableusercontent.com/v3/u/46/46/1761321600000/v50GdXAXtX0I68afj0dw8Q/MbgCyXgaeO5cWs5J6PoDBcr_NQIVOfHoF26JaeTWDel8yNC99TTUhw2yGFOktTWPqvtGz5LfKWfS_tJZcrLdjtk1zoPhzuYT3DWe5AqTpB1buE9uUrDDba_NFr9DwZj5Ka6lTMQNkuuXYCBqxgw9fdZgKIcz9MhKi_drcERN0uK5yoTAnbtCg1rN9PLMwsjkdy5UCMQhxbCiSGUwhCMMEQ/D-MwJELr-Bc8OrOjP-Tje6D-V63UJHR6V2CUaTLEC8I)
110400,cd691d6d-a2a0-4661-b749-c5c69af770ac.pdf (https://v5.airtableusercontent.com/v3/u/46/46/1761321600000/Vl2HHlH5vqHix1SaMiMr0Q/0t3KN4XRNytQvD1WC-5mxPKT1A3cw2NuKqjKlPRMfoVWegfLK4LBzMSsdoROd4qfoaNBVgWr9LOZ5947oxY-VUzHtSyPGQzUrJDNl9Wx8ibF2z1gTtXjLRPl9o-HrCEe6Kgpbf2M2L-rDFp4hACe9WKvBHPrlrYfnLPmTa-2kZfb2vpcOiSKp3GjrJ8oGG8ugheZ4cm327aP53MDVzmPSA/gUF0ShBz1OGNj-f49erFX5S9oh65Szac2YlRv5T41u0)
110398,8a836fd1-dfc0-497f-aca6-6854e202df27.pdf (https://v5.airtableusercontent.com/v3/u/46/46/1761321600000/dGD1i56AbspASiGNcB48lA/gohRCdW7Kq5dbcNlbsHUAxBttF4AeHke9p-Bi1blitN8QWDZS5dUMfDVSAZALcvt0QiFRBz9E3iXhHvZy5YpBBpzs6dUrmtv30BeEz--LQiJNzv5ZJtQykopbuhUVa8NpXbeQLJFfXk0OwW0iUyhzqrnIu36gZX-3FdJi3Z4XkPucd5DakN3i5eUKDwz38RSXTQKiFMkLoEwFYLWfyAapA/1EgbJlX7_CJUGuwPZhneDemsetwB8u_jZM5dvWue4NA)
110396,a89024c9-e928-4205-8a4d-2061bf8fb4f5.pdf (https://v5.airtableusercontent.com/v3/u/46/46/1761321600000/BCG6BVuYePuziwjM5TolhA/MfiowhIr2tWiFPfk20zzb_fEyKHKhRR0-WsDn_7DNKkZatJn_wvXN9TE3yRlVC7oJPzv5VDvfdWSrnr0MhRDzcOrfo4LnYbA44bFUWxAYeODmsmdv-s_36sHQQhvy1YAMKN5SrJvYLEGM_aGHvLXMPOe4fHQ6KyjqRKC_uQFf0MuNDfR_t_XEM__hQOJLgOz5txYLSE5M8DDzfYfmlCAJg/4A5dFLe-mLCpEHvslVG-BqDOFxOW2cWJLBGAVvtkCTQ)
110397,b856c666-b524-4b05-be3d-7acebda5947a.pdf (https://v5.airtableusercontent.com/v3/u/46/46/1761321600000/GOM7dsFu-STlqqtBgJHaHg/bTVYof6h5pdpB4JhNrQQyEhHQXkcERKxuKAPdA_m-hdAnJy3-c0Pyak7hAvjHW8yzcOoPXHRXpwgaCD9JGV5YfKavDJ5Yc-4wcMujNwYLuQ5dLotkhGMwPjvDmaHRDoVUDCCiME2jK-EWvx9FQjteJxr9QHzf-NPMTyhKSrp8FR0i5kBaA3OvY_49LdlD3ee5SiBLWAo_ZPEchL5svcDoQ/S7T_mr1halPTaBVj3L3bBmkJ5QvSF193BKYKCCgD7_o)
110395,cecb1df5-8dca-4140-94fc-2cc65e287c4d.pdf (https://v5.airtableusercontent.com/v3/u/46/46/1761321600000/3opTafPjTTHULK_fIuezWQ/uGeXdZV-LcpJSrJzXovqqkqoE8XRUDbrGghLzIaMxVgU1k0qCHVmknUhCofmnNsHDZ9-oQzoIcUwLyYE0WKyJFvEqr2QpwDJ7RMVqDCRYjJ0WjVUQ1_r307aeWuikyisCnaV_c37AncEtQ57Eh_ld8SLx9QPppiGNlqPBcdNOxqugehs-1uLviZ1SOcDdYbhmbeuWeQpB2XhcqysmwVD1w/6ctaK5XNGnl5tkoQr4fNVEeYeVWqqUpo5gXS_dVDCiA)
110394,448e8f51-48e8-40e4-b1a8-0ab515f5d95e.pdf (https://v5.airtableusercontent.com/v3/u/46/46/1761321600000/gaBdofd1AshZhEEymTaqVA/kNexdyHkIfEyJ5WEcnvCw_DbxJGntNgsAVsfbOL55vQTQotdImDV3cfKh5BaQQgc-RWUNCD532ZqrEZNxVmhQUjiOZJ09Qh7326zsTnGMpY1h22rfVv2X1FL7XOIWwJpPe_nTmxGegNdbIBLFC1b63pNpHLBWnTOR6k5aJ6w6Ulm7NjefDkITyIJNZ5IOxJyuiBeWsOamP-X6mm49zyYFg/HIfZQeaHMWmVxITTAbPpysXEzCiQwifMg_SRoQ3fbBQ)
110392,b73a5e88-51d5-4451-9475-74197101c971.pdf (https://v5.airtableusercontent.com/v3/u/46/46/1761321600000/i2UtEsPVQe_EZWKEFgrpHA/PvniIJL75XhHtL2B9f0nC1kFUKbwjl7fcJ595TWRIn_jA7sWj1_Yq-zzEuOWcysNgexr0YoPR5YMnsOswReauVeOor4NKhO8eKc77hrKDB0E-deAM07REzZGw-QnRNhqKJUhq13_vnJ4tsAVwyegOrKbdF5FBtcdIrfEiSN1KHBhy-iPViVPdIF6ZHgPEKmBcKafAQleFY8-NNWiordoPg/a2eJbNGsKdVWBoZuEziOZyO71wC9Ix4tT7GY_tCskJ0)
110393,2ae37df3-4bde-4c5b-ad62-38151308de41.pdf (https://v5.airtableusercontent.com/v3/u/46/46/1761321600000/9XPBhCDrzoKSwfz2qK7cUg/ljA1V4yIilzfcbt_9KvCPqgo98flxrq1NrEcnvf3MR5Bgy659ypGctEOozOxbcLUyrf_ysby1ugluXzuPtbBsDif1C9cMH2mUUNI0efLa146GLEhuGdJh-fK03F60UOUufxradoMobNgegJ5feyXqVC83VgHEc0-k24HCkWebBpQfies7huqwCtHq2FiDXKdpd1hcRKm48oM2L7XvIlBBg/D-CRqKzDCSc8EUN5MX-VZ8ewckDCXcVtfRpz6YGAbqA)
110391,d90950da-32be-43d0-ae43-9c8fa5d30150.pdf (https://v5.airtableusercontent.com/v3/u/46/46/1761321600000/0EVwToRzXyorjkl3k6BLMA/SQ2M6ytyfyb5eZZaz925ibL-I_rws0bMnbZMEV2azLk0bbst1bmlW-7TsQMIyQusdDzGZ0m5KQZ3glaS_50QhTPKFG7VqUKeARqHKdweVUt_Qox9S60X2KyyuW4D09PafGsCcdZFvCDtTGcyMEG8kk49CCT4d-5yttID0dvuz-GUamnoynxsHEQk40Yr-Yw0CZ9cT395jU8pBdLSPvBTWQ/WI3uRN2Trlv4U_0JDlyIevggq5469Zj2C2g3T5x7oVI)
110730,65a24723-bd11-4bbe-9fe2-bd776621b220.pdf (https://v5.airtableusercontent.com/v3/u/46/46/1761321600000/D9GJl8V8P-pl1Vj0Ij3QXQ/vxQLsq2jCuT2xn4hOsp8fQmNNHXFIfdVsmDGxuTWOUiVVe3wYutKulprJC25O0LV05fCkuUiC2Tcr4ZhRJH-0ZdhMAi4HFl_xhiuYGt9Ci5mYfG_qw-bxcUX_zb6i04TVvKq46fj0CTY0mpmXC3U6U9fKvV_MydHalEnGAK2PqBISz61Vf7I5TeiJChoa08YhyhgbDsPaG9_SjoEIaCnqw/f_aOlf7kYeKNjphrRHwfBSUe4fPN8cR707djwJElARk)
110452,177e0dc6-3583-4aec-9ef4-53968b3eea4a.pdf (https://v5.airtableusercontent.com/v3/u/46/46/1761321600000/EOR6jwPp8h6J8TDW4OauMg/EgtLQZNNStRO-PiAtK5Ah5rKGk0oiOG3HbbJYnD2t8iKZkANG_5bS9Cy1hM2B1mT_0Nu_yTVjnIEzD3dmHgeG7e0k-4MO6y_-_MeCwXGTDq4JbzzP_kIj-DvoDO6IgftqTu0qsktT1hxH_QIukSb68z8fHeBFihuVbtEkbWy1tMSSoWl-1rjRhuE3LMJ_XK0kQxXiq09MLz1ECkxlkzWQg/2h5ylPTJ8lecE60pe9J7cD-ezNNfoDt31co5WvyeLLc)
102119,5890728d-adb0-4049-bdae-accd346cc9c2.pdf (https://v5.airtableusercontent.com/v3/u/46/46/1761321600000/M3rf41Fz9WZbySAhRRTvig/3dmV55KgoxllI6eyh1jnEs-_VPfqEpbyriY41PrKwYIx92JpKNY_1Y-8cymvffyo512oESl1iR76N2Vg9mp9myypJzHVlQpYq72HwW7l8eBZcEyTccxYt8Ru2-revTEQi-2Pk9ynSYxzprjnJ8Z4XPB0vWBhSOZjwThQ9V6v3i-xQSTUdxRYofHLNgk22Y9diWEpy25qv4vO898-tPsDKA/_jUG0BCjBnc6zuKGB4xu9Y8IZgUHBflUFPcwXYdB4pc)
104957,fa84d6ac-b429-46d1-a919-f958a9adf639.pdf (https://v5.airtableusercontent.com/v3/u/46/46/1761321600000/ZxB3Z0dx1Sp-rW4KM5zgYA/2QZ0_9SyD9xDf1B589lIJXz-WWd09mtjxc6RL_4SCRMYwSkAAA6aSDsaxQHXE3qUNjoaVVI4MIA4vK1WS8iBhIjVmiwMNgiFGx6btEvMvbA_0qaKkuznSRYirOpyvI_2PZousF2Rp2ph3ZeDpIHE31WUesFhagulGW-aORK3LvE3Uws9SsFh-tHbx1XxVoVopSd7GVKZqryxx9zt_7_Pig/cNHY-tIeUAGRCIaD2532XpT9iIicyGz1IZyZrbQJafw)
102118,2b0f3940-740e-4896-b3a8-c58a2053aabe.pdf (https://v5.airtableusercontent.com/v3/u/46/46/1761321600000/xWtL5TkFhp0-FMK0FzbG1g/j2rdlkXw2Mliv_6gXCUjKJTR5e2Shf6pkshnzKrFs1uSXdqf5Cd09bz24lPZCUeV6bSk8ZrMmDaPesXX0q80chf9vYZQpYQGFwvw-0g09HU3ubBa4aUJpypPEhv_4I2iHxMsDWhm5Q9vzdZdDL1END8NLdSie_W69zeC1D-vixfnhwKBcj3PZY8O3Sn5PnFgXS3haFzTLg140EMJ5qHCGA/oPoBZ8W1mEAJVuTEOUogXxbaJPU9IfRdFHt_azEcU3c)
96101,0fd67ebd-f746-422b-a808-e246e27e01e9.pdf (https://v5.airtableusercontent.com/v3/u/46/46/1761321600000/8tnGi1l6w2lSIFBsiCWKfg/UKwwu0cbGjjUcbDFFq6n4Mq4QP-vG4ZnWMrPI4o0qfLuut1lWi8fQsB8W5ZA1QZzFSo-yjJUXRLD2Mwwdm3kQGHjEepC5rZWi2dc8nG4hHLLPkb8-l3HE-XSFKDTMZJwzMJH3bTgvtVNTxW_mXEJR-UOLbQ_Upch16ofBK98U-PaLD8vEn0Uw3EjtOK_U5ymexg8eWIln7VIJ9NKOGthzw/LYEfn4d6wBLbMZVmPHyqKkdIhiANj-Mfz3BDqTS3JaA)
106930,982d44dc-1b1d-4755-acd5-a9bc7061ab60.pdf (https://v5.airtableusercontent.com/v3/u/46/46/1761321600000/uif57pTpU5GywxwvRXEx1Q/ssQHEYMrUPOvjOUsymrfdKm8Cw-wVYienYHMOelHhDqH7zyNAT_ZBY8HY81a__KG-rPaoWLZhS6_UiCgB6T-uQrQfuq-qv_UCpuHihkbghu8UKxBUH4pdnlCYkY0o2Mc6HvFLRrILIntfnl_cjlOX_XtQ0_aYVIXaCdUAIhnvfd5ziHLm3UHIeBcdPoPPfGRi_H6FAAGcaCei0CP17JV8g/qLEHl-vSVlDSJK5EYVn4cUH-qQmzj2E_zmhgYYueFLg)
106929,c008880c-32dd-4b0f-b2b1-967b434a0e7b.pdf (https://v5.airtableusercontent.com/v3/u/46/46/1761321600000/7vSTh3QliyXhat-lU9yykQ/R9AJj-Hn1I502a4OayIi2BPgnktbZTXbhIcMEsQLgjyQklv8gAJ3YSdHlFUdm4LvxRCUioFjHCp6bhBAVrnHO2z1bca1CVkRpnbpYph54O9d9P-cwE423KAQ2USmJ6AQErPQ9n-yWUuC1WKbAp-ocfuajV48W-5P2KkWIW-kW_2BzLp41EHY-ZUQJyxVXGk4ScMg0OPULZg_XDT2jMhzbw/0xoK4yPl0vIYHXbSRxzLJKV97KaHoCAPd-s8iGbQfhE)
106928,d9e935c4-f5aa-496e-8a96-4e7e49c1f8aa.pdf (https://v5.airtableusercontent.com/v3/u/46/46/1761321600000/ApcoowFzGMalvwvE2XvnLw/nDDNO_H3QEamk9Q12J7AkuN5ef2YrjCCEaeGVP7C78hMlXkO5LDx65ZctkDaj1-hPAafhtxWYEiGyj8yYTCvyrUFGBxKSF4M5lQFGhpV5A2YqL10gw4nDdAXhVCcwMn3lMo8bzxw46HuQ4BGqlaccrbN1bttzW1ieRUxOBoy90GYPOdYu8jP9Bl-m48Vb9Iml6aBDSIzS45lRwd54DsHOw/GqZiAJCy6bm8GXar5XzeCRXhOAzwe4UY0TiFotJDP0E)
103356,a3dec98d-e650-4d89-859a-f55e441abe5d.pdf (https://v5.airtableusercontent.com/v3/u/46/46/1761321600000/ItIh0yJWzHGanl6qHp2izw/TrOYcNALaIxeZ9mvvFRFrAd-aPF6soF7nnvVPoWPQVHIBW7m34Qn1ow1giY00XlwQ32gLef3Bq4l2rYiL_0fG8kXs6dxvJ0Qav0PTjB7tO-jC1QZRYH9sZzxPqwEZSFYdcbWQoPQJAEdmTl9jfZPdG2NV0SDmq26-RM5YQn1uhrhblFplbuJtx71YRDFcvR30fbgGkTaGHH0O_SOEJfIOQ/ZNUS0ytC_-z2w4Pson-4fgxQLeHU_1_s8eDmM1zoQtA)
103525,bb69587c-4da3-4a71-83ef-520895f8d1ef.pdf (https://v5.airtableusercontent.com/v3/u/46/46/1761321600000/JB-h81uK_oXCshO1many9g/k4UWOLY8p17O5tagIAhm4Ex0jgDY8nxbHzGla4Z0qQIl3s1b1MWIYrB3iCCdpSnteTjU5E8L2FshCC2LeZAzh5pr2p3u4woyCU6Fg0XAYio0TgqeDoIt4YazI4x5YcIZD22Cuaijg0xA7J38gz2YacgyQvn3OKKqkOs6x5hO_bsqaDUW9if4tYeB1vpqd33PqAVVT9AnOCIZBa7qEpVEdQ/n4aJInllwkvs0sMs7YqrTj-vKHKeQvYZIgS3OODACq0)
106925,62ff47bf-5598-4ad6-a5ec-3d3b150aae55.pdf (https://v5.airtableusercontent.com/v3/u/46/46/1761321600000/vD93xsaTb4frAqUZ5iKuFQ/if2iqgmZ6pKomOQPZ_yPDXLFdpNLRwYROQIxmj1A6Tta-lPbU1ghsgJc8Lm7_8E9qwgZS5J2o6TVDHNEYQqWyok7jaUpn8HncCzacdct_jp0t3jkKhRFX6KF0h8ngknRS4BGpJwmQH-ncLqxlahzXWVj5fgx1pJwGoKQ8br5jZyx04Jixqd4XbgmBzlzYLxB4oH8WUJiXi_7LvD44TwDkg/Dbiqh0guJPLqgJv1W55KqgBAWhWmpKHCHbQqwla9vnM)
106926,6e6be504-d474-4c12-803f-acc8b00f45f0.pdf (https://v5.airtableusercontent.com/v3/u/46/46/1761321600000/SN-Q4vjrrpbhduA1E46v5g/pwfO-gE_HDdyBzGJvbBUhyU0TOykdg9zDX4KpnDHLECqDKoKUegLGcoUuL5O1Dmr8k9IAnS-XoCj7edjRydPi7EsbrsB8xtv3sPJfwewHLPhoDWBfEnPGl2M4pBsSKTHsmi9UxObzVYJPP6cn6jQgUIeJ_QvxIGVf0ovShZdL9QYoEGFks-uii9tixujOWmNZ25vWZ4rU5VKv-0cbsigbg/nv-Vh0emUPb4CMKFbJFQZO4lmHJsvUl2a34a5JIS-qE)
106927,c00911d8-0bc0-4ccd-83c6-165be146e1b2.pdf (https://v5.airtableusercontent.com/v3/u/46/46/1761321600000/HE-sNXO24ZhL9X9wgQoiBQ/aemdaxuqa0treE5GbF5dyuLR9Zi2LHmlYMINoyxAsDcY281ynwfxwM2EYaRxNy8usR1EFGfP8n6_ls1fNxfuhtsc4-nTFTmQtbLV_AWi-A0zqtSovwUac8xCfYRaRtHOULb6uwSSJlfm9mCssGFDePj-vhmOO1ZAuX8ilUhH4e_KCsOwEQhSUK-V2f80s4DoVpiSnUq3UbQIbcE5ENXz8Q/wlBDBpQbCO6MFTcsg2brm9wE9OGGEY4_QDctJrwBulM)
96104,bf258351-79ef-45f0-90d9-5336a446bd18.pdf (https://v5.airtableusercontent.com/v3/u/46/46/1761321600000/X_x840Sd0Ocvdcey6aunWQ/7pFtME1H25PU-5nNiGF_eGepp4ouy3HvlIT0uKIMyKlTNmiIro81YlzJkDEEi-bn4EOeShveIiQUaRJu9uVcgZyK7JwPC0t_j8_M9Fj9uRm1OG4CB2PydwHjNWwZmyJpgiwjUL48Romickcxp08m8ZGFANlUe5K2DRMSecsDyW4x_e3q4FD4B62fG-ARtII1TkuBdN6w4IV1bdEk7EfWZg/eUNUDlwBYsDYDnwGVOLFNmMFyXQy6fY8Z4z_qwq3uF0)
96103,abad4a69-eddc-4795-8d4b-1a2b6b175130.pdf (https://v5.airtableusercontent.com/v3/u/46/46/1761321600000/VBH7kufnvTNaqySkklm9PA/iE0yFM8Bv9DwhVS-oUdMcaCA5QPnVtsOoFxNj6CBaqfw7OD8hEchQ5WxPVM2Z6AD1ycuBCOzqe-FhYkI97rsocWssLeZ-eK_3fneEU7OxcSIGfAXOiEJv9IWqrG1I4PfnD-TMDOUVYPxf9OMOlMuAJ9qW3IbJr8dxSA0C41xwCwD-iVI953nEZBPwGpNKqFHmHPMSanpJRlDvLRbTWPVpw/RkgFNQcjlmjyyoaEYGmUaLT-tknc0JtiAHNSTV9WZ8Q)
96162,2063210e-3c00-4a76-a179-ed3b98b69e26.pdf (https://v5.airtableusercontent.com/v3/u/46/46/1761321600000/3ooCm5pL9OWkWphhRG1D6w/8w1B2_9xa47dbGIYCaSjear9-_ZGcED2Q18cOKyVfcVmlh20qj--xhmW_S3KgHDjEanXrXwG_w94DC4yhhzmeCV3dTCymeaGR43QiT8rK2bZ5iOe3yxutWUTIe8alprr5R1t7ighZz6vV9tFUGbV06Jl2CWUGCOqce_yRgTSuD5Na5vlqm2xk0hDYbaXJbg2BB9mb28J6tMRInZn09VyJw/bVjFOLOzUw0iHsEBtrxfMWogTL_4xtO5sGK3F1LqpD0)
105930,8060ba84-1a96-4863-b40e-5ba30be830eb.pdf (https://v5.airtableusercontent.com/v3/u/46/46/1761321600000/Zule_emfQ3cvSbA5m6a-mw/LkLL5BzOiuBXQhAwBy_mmxgIy11cbus-SJj-8iypE8s3T-odtI8d2L0gh-qWwjsA5Y1BRnF03ofCxcJ_zCYQuffDsVRve9KjOqQLHw2EfBiribvjDuG5hAfkLzpduFhUGj6vwqBUUsYdJqrSbwp3lYxaq97Jx58I5qJwoIvTSduJtjULyeYy-Av4qvM-hMp_ybafR7zESqHhqwiXz5fvVg/AOJboYtP_DnyCyYQsBbyk4FsVr1QSmymAv3w8ZrEgCU)
106016,7f4375cb-3ae0-4fee-b25f-d9ddb7aca305.pdf (https://v5.airtableusercontent.com/v3/u/46/46/1761321600000/ipfuxpleTIf9fuM3PZTCyw/G_17nP2Z98wUqfuSPwW4cubrLtE-gASzcDhqCw3ZP4R6j2_OJEkF8V7eUWYoxlnA-omq9KD5tvtVbxP8_EQVieiVTzUZ9h0TpGU2_BGKqYbVJ46E90ExcsOr8kfhPp0inaAAgZOcDy455PFzaKhFXQHcL2yfTpcl4zIUH3PP2jKi8BreRkzaxZqtUXKGp9y-eSQ0j3aZysrNEUchDH9hhw/wEGsDHP9UKR9fU5u26Vv8H6L_h5_DcjM2qgp6G2405A)
107217,6a26b08c-dc84-4d71-8845-51961e4bf191.pdf (https://v5.airtableusercontent.com/v3/u/46/46/1761321600000/T4lbVBxICE64sYw1ftvHww/lWxv5Mxlfuz_Xlz-QjCOFomF9wlvqYqrZYFZeEEF__GeC9ssvUntOrnq9Z7R0OhVXuwoejwxfoYRYF7Mo42MBQu8CfZ3wKY6xWBL5T-9dtrF4P_jrbUAtb6JorAJWM9Et4ieA3k2alzpk8lqFhxMhnD6-BxWtolF3RSSoLExd2Gbwaj1H4Ijw1Obpx9mC5QYGJcS0XcYQKi2wf03NLgT3w/jncK7Z2wW3HsrAJ24tc1IQLpiyouRxi4_pSY4mtX5KQ)
107218,ba04b3d9-b2f4-46cc-a340-d763e359ba9b.pdf (https://v5.airtableusercontent.com/v3/u/46/46/1761321600000/mnKi5k0vQYfEoa39NzyPUg/mzIE47fRz-pW6vCtYH7nUjVHOMjhmt-nxDBe0tDL9Is_ydwPbM42hrcNrmaQ5f4nW0P-WglkCn67QF9QyCeyZbizQtbFceWhbBpgYHdi0k4QH8_fvtPsHMHhAXKHTzR9A1AY3_DF4qNEFyTEp4stzWkvzbcOXRx_xguWZ8Y5EK49rkd9_d-jb5Mf-cFmlkMyrofngIBSzWaSLhQyzj7E3g/fn_oOCYTJreMoiF0EOWLNPrR-9YstjrJJTXUcMh7LSY)
107219,14fa4b2c-7ae2-4c9f-ab52-e2b5f66d1a16.pdf (https://v5.airtableusercontent.com/v3/u/46/46/1761321600000/U3pMZTHItNh2L8EmxhRjzg/mJs0PhD86nlgxuNXVae7-o5NKGdQ2IUMgPGhteIpc0UZvYbai82Rd3Fn5JsMTPR7XZFKFAMVcYfY9uTM-dpJAKnefNAZQaLWhl8x8Xsl5d2BDPtRB5yLj6oRyDWI6dJlwAstcYlk9bj2r39RY9psREyUYolCYsSvNVEGDYiXAriWT9QAJ_cCLsLxJdr5BZqLHoJJSYQyI4fskkCsSRldxw/aeyeoxyLi32QwPScBKVmDc-Wcla15AleHv2uKk1opj4)
107220,4b63b28b-6847-47b0-ac88-ed607464e0fa.pdf (https://v5.airtableusercontent.com/v3/u/46/46/1761321600000/M96hGWwFn-11U4G_COh7kA/Fm8TrsvxytoIdDdqm506YQdyVhiG36KU7GMYB5RJJXILSf4KbLmaty2w9q5ROb6Upvcb5g9-ubsbEb5FPCh4yc3Fd6yWEahodXngSV_C6YKhS7RwQ0p4hU7H4YIPUlqGB36WZ9dHsrEfQ3SVbcX8dHdLLD6DH4onz5d7fnKtFbul7HJS5j20kEe6IS2XadkxuQWBFk4nGKwz6slnpwDLGQ/BjC50K27qiugQLfizRicEFfLvXrn33Jq1xvz8ReaX4A)
107221,0d54be35-6cb6-4143-ba15-f2cbec08d179.pdf (https://v5.airtableusercontent.com/v3/u/46/46/1761321600000/rXhDQ09R2neS1tqXJVoNwA/8bBq3NPKov9wIghZmdzXffBr_SUieKMvtVd4qI542kjIf-y9_6ZPxRdDW1ugVh_mB_zD8F5rRYBXlW5oQCWt7vFR3dm_r6NB6bDVQSW-NKZ9eyGECXOrBkAs47SJ7o6OZD8hfUzQtBtsU6MsYyfshk0AG3klTFqZKrUghxSsABAfscZK6vHQVRBrmkYWLLY2kElJ-yAWLsbLDexbcu9Xmg/_hPqay24V0CIepE0H-WGvuG8RphfZqS6HDVM_9lTAI8)
107222,1f34ab08-59f1-4e1a-b485-2016350c4bce.pdf (https://v5.airtableusercontent.com/v3/u/46/46/1761321600000/24DU8SECw6d2RjX6Y4YYoA/M7zPPWeolNGLEQYplEZyX7sRLBkSTfMLVmaxfrwkbdOeNbCw_-MGm_LxGaY25BQa6iVdTG88yjTppjX2iFuzdfS3WKobD3uuxuVDfYfOth_iFgj_3Ako6suM4xjoMMN3ZMNxY0R0Y_0QVJzoRnrXxiKtMkZq9sfiBHBjDlcm3uFA38P7GJjt6cHO90atieT9lVIG1xQk8Tj_T0o9pk0KEg/VWhLDhutGDmJmnmjP4Dmxl7oaFdOOBE49lsx8jRH5Bk)
107223,556ca38e-f452-4e64-845b-a19296f721db.pdf (https://v5.airtableusercontent.com/v3/u/46/46/1761321600000/E_8KyoQXJUwfheYSZYtr-g/DKoup2Zd6zOXEmDs5CpRv0Y_rnqezcrh4hBlTgP-vlzlI0iAQTh2p6pCzbktdxIjiNrlo_VXzcDMpSLrDB5W-8T-p-Mjxet8P1f_uuPwuk6xrATrQB1XfsBUeushBVDm6FetYonBB7eyD7lsYDd6ZUdtR01G7Cm3uPhd_T5vo8Yi0v5m3LX5SFESxFbjZ4lOZd96vhKsU8JA-NMx8M-fpQ/kKmmhgDbsri90yeCQQnoMif7i4CbdixZuwa36P31KeA)
107231,3bf3ada9-4646-4cff-91c4-cbfbb24609c9.pdf (https://v5.airtableusercontent.com/v3/u/46/46/1761321600000/Q3yTvvyPrz4L1H353rC6MQ/BdvS6EfAweXnIJ10mnlAdHGK2DoHmUlSiabzv9kGltZj5olZzZrOMoIofymLjneO5IkV2g743qEmsExLj33L9nmYvka923VCzpJMTRclxduy3CBs9AdwcqNaLAyNTTdUvH3HVV-AyMc5U3_jeUuJXBFcWe36xOct9ML1c8ttK8-8SGmsxwYKl_BJRIPEf24AZOemZ2inpgxQoqh7LQzIyA/8f9GjKUGBecFti9OAf90MEEC3vPOq0xNm4hYCNF1f34)
107237,56ffb707-47ad-4933-9954-e892d468c1cb.pdf (https://v5.airtableusercontent.com/v3/u/46/46/1761321600000/Xsl2OX8_vw_rx0X9OzxWPg/MPmpkSSuoX36nGQfeBdGN24acxAt_ojOYdiOwzq81s4oVQCwcAhZ9iCk4ehRoqfHcZfJWNMSkLP3x420wBsg8kaVaktoFgfQZ2ytq-K1H2qLe2tGsJ0aiUWKW0EQpPnfs5lLRoaa728RJA8c1LuFrYcNafq1NAehsdGukEZMoRLx_R6FKuNiYG0K_9QHLzR7pJtn278_sWb482qs_uecFg/Dyv89XiTszPMwum4yVdY-zK6B3xaAxxLPOvjBaw1CsA)
107238,834230ff-77d4-4aea-ac19-7179fa2ac9fd.pdf (https://v5.airtableusercontent.com/v3/u/46/46/1761321600000/UNE8uc7qmrx7EPTq6M15-g/W-Izb8nDptBlz5WhvI8p-ID8Q6CJSz0lzUqcG7us_jqaZqaoPi2G1shZJiNHlTsJpcIDcdF8HqngfLRIYQemAyXpls9V-GklOGHKOxBuwLARwi45deChVGohgp_fpCiKtHzKeZcvf2aZdC5tvvQwGWGdJ1PpZdWTsF_G9LWyUsIfTBPqqkf42sFATB5c-lmno_XrUQTARgMeaoXO8V2xCQ/lK1LKNrPxzBCCFe-SIU35kf3jlEKVOmEi232KYkNpwE)
107243,adfe9f29-b007-4bb4-b4c2-8ddedb105871.pdf (https://v5.airtableusercontent.com/v3/u/46/46/1761321600000/CsO80QyAe5Irq0uWD4kUUQ/o83a9Snz3LwOo9TFHU2qVvcfNn8LVG2-PaNKDY67GISvj4I7_PjWKActDvpUOmiWPEptFjV7t8trzC6xjvUHOdJup-5KSQsKxuhp-a9ExLIW9jKqdy7zJY1fNYo37b2rH4amthUiEFH4Xy872JbomwO89eVTBNe56eu9pbWkBIWB-5bvP9zC9H9Xp0GO9umXenFGr5OFJPbrDGVS1TcTNw/TyhuHTyaIPryn91gKJEZu3RXd0_HE2Ck0Sm_0r8BCYQ)
106638,41a26692-18aa-4d8b-bc7d-e1c074c921a4.pdf (https://v5.airtableusercontent.com/v3/u/46/46/1761321600000/0DVAZM0Ty42Y-avnmYB4mw/8Ta6KFYepB5eZd5vUqNCqfjhz6CE9vvsGGZSx4Gu6e900AcGP6-KFTVMJrzVg-T1yXwMQYV5_dRZOEKnztwri3BW_4PoQUNRvu9HssvB3oMq2t1x6FUi1emeIaCk8XN_Czz4sW08b-6oN7fAnurmQK8qgSMVWjXPB_0c7PBc5cK6O3_oox5RPrT_h6iMOyA1s43aT3TgWItAzwPmaQRA_Q/IJ5E_fxax1Cla9ieL4QyVSDQ_NDGR1dOa9aj6I7pv5c)
111888,22f5afec-d648-4b62-a315-8443b0439537.pdf (https://v5.airtableusercontent.com/v3/u/46/46/1761321600000/7mNSXzF8X1cMrZzC0hEgbw/SI3vpBlpOyFRqNRYw5oUNRM98Xhg2cUwacsmJMLx9af-SFfOxCXoSLAxdjXvF3pcD_yaqBP7IK2Nz-Q-mfTuG-R4vNIGNdIP1r5CKInhde_X86yPhKzsD4OJCMfQHD8RzDLfpkVZzCFIGgBQYLZijw4Sd6W7Yp9Nt-AhDiKtVr_4SZzL-m5l4rD9kL9fvpL3Ac0p0wSRQd-DlCWVrmUWPg/NB47Gyt51nBRe87XHq9y5z44GWBEM86WEKUXN0kq3EA)
111889,72c0b2af-b101-42b9-9134-5c7595148867.pdf (https://v5.airtableusercontent.com/v3/u/46/46/1761321600000/B-00eA3k6XBwNii-DARRQw/sAMYvdZoEZ0aXfQAE91n_fQmjMoMx9fgBSgvKuV-wWgrXTnBnCQvPv48hWxzF_chQt6tYnjrGknUaRYbklbtvfVTZGsaS2ALdNch_QhyvCFA9FfKxwKQ8YlXVSgEt2foRQ-lIh9dzBHiuN8X-9nvqQl-ufnw_9CsTztRYe00hdYV4f5KkqRn94Y4YTuzkUtpHgT6TgckXRonQI0nbG-2lQ/tVVO6d1XpXSuQVP9nZrGkTd4INv2INWVsw9Uszj-0lU)
111890,65e3303f-7c2c-4516-8e51-339719f64af1.pdf (https://v5.airtableusercontent.com/v3/u/46/46/1761321600000/kPkIfGE8zkb_79zCYeomRw/05tsCNbTFbZGKQm3sYuk2IQBCW0Go55AwygonjeW-ZtxPiaQKhm0OqGLfYVnRk6bwd-dtYTcB06p5UdmKwYYztVJeIcKFjtU14-t7bp2NcmSbdyQOAdpqrNFeisKHmxAZM3Qe1pyN0CDzWQDC7NOxuSSRa8uL_CQmU4xsQmakHu38n-xfqVlP6vzb4HdUzmxQDZP-XG_tnOB9MTDB10szw/wklR2yuR1qML4Ulw_kukRi8n7mWmVTiuRBpF9_ArtRo)
111891,c88a260a-ce5c-42b3-85f7-bdb76b9f01e2.pdf (https://v5.airtableusercontent.com/v3/u/46/46/1761321600000/d3UBXoUhbaNKLupaunGy9Q/BvjrYTU2Lgyplh4-JhRgEDX61XjO4-t67zt0BKtOzcxkPc6grKt7IX3nZ3TRj3UtbBuC5N1cWMN9p1ETI9t-fNTpea2bmaeD4bA5U4sU4SPK5-FhuJTia_zB-FcXWBJV9rAJ049esQ00UcObF48UibXR4O0inYBImIzxQhowup8bpmknrqd7sGn2yNTRJD72y8EXcTPPnTiaoL07PyYHdQ/QfFiABxTTsbcUZKfjcJmNDguvpwlGR_NldpH-UkMwus)
111892,98d6403e-c807-449c-9f67-64e8ded88dee.pdf (https://v5.airtableusercontent.com/v3/u/46/46/1761321600000/9RsNjp39f9kXnLXESE886A/FK8NJfxS4NYul1DrMjIjbtRRG77WaVI6Y8IthHZdoeevQnCgOIXrfcE6d4RohYO-Nq2rUvd4Muxxd7X1D5CllBnsJ-esuCagjBvCRZCvA8zusSg2wZKj6RrYUGxrxKijvPGoaYfwuGoxBIi0WMDueOcE-tDBooSGs-m8Say1QYmX0EanVUZ-iXoY_sNw7mDVjcSaDEKXG3nYiZbA_OUnTQ/8gugiEcPmin4E5ChN1m6irYFeXOe8uy8jNeTfjfAEuE)
111899,3f1e9125-5424-4382-bfa5-445db6cde555.pdf (https://v5.airtableusercontent.com/v3/u/46/46/1761321600000/bopy4zDB__oCsvNsvgkP0g/49q6GFy9dGLdHOxOkhx9ZyfP1kPFRlhSxuzdiFhVEMmk-WvSGjGodpRrQIuDsEayAto0qTWVgSmyLhdE_Rl194UzonyRcDPhrGzDOQvqCM52BuE41Wdob6yt4hCIQVesu1YXF5sLT9a2hT968lyVoOiHLwDHEn5_qWZ3Rh0rodSpulW4KZsHyaO7qEtl9-zlsCHlR0OhDBDIdzHl0AA_Hw/5Xi6439vp8nLnBGKGhk7OjXyuDuC839o8s1W4YpTlZ0)
111900,10b74a15-617c-44b1-a1c8-3f80fcd55f62.pdf (https://v5.airtableusercontent.com/v3/u/46/46/1761321600000/sIdgqh0umm9VIQYdBMZmrw/lK40hcyzjzjICvJqsDF9RLj7aRqZ1YAGOJlWK3BkUrUg_NMV9PNZXIxN_YizOi7Cg1l61VM79hlLkisaVATtD40ssKGUnEET9pENVQjJA7lNBteWMpDRVdvekFfyDZu7_rmPKJvGqFxGx1UGGYzAw3CDTGc8_FBSF8CY16bUVH9nQ8yDIW168asQJEGsx6oM3nIBbxL3NP28iYgCicULPA/i7QUJLd4JAE4y-6vujRlH3O_U_UGnkw6RoGbz2hcDS0)
111901,6d00875f-9a6e-4ab6-8a7e-fe85e692abb2.pdf (https://v5.airtableusercontent.com/v3/u/46/46/1761321600000/JBb8tIblGj47vvTgwBx4Sg/PhhucYbezrUJfcJ62IvhO24NCuBuYMSFgTf_oyMrXsKGi8N2xzEG4tl--rlpiLtf90E_fyA5Ngnldqe8ejy_4CSi_U3E_6U9F7yWBv_DI9ieBA97xim_-bfQbCgAMXwHCwHqXdqjl0RBfYuPegZ1s1QoZg9mouyFQ7-5poFYRLXn2sIFxG2-PvEVP6orQ5FtATPk-FnKRLBb5q7KEz0pvg/13L7fFI2YDBjFIhh3CbVvGOonMYehUL5BMe45yuvm9E)
111902,6b28413e-c0d8-4828-8757-2305ddfa0712.pdf (https://v5.airtableusercontent.com/v3/u/46/46/1761321600000/D89_2y2qNnrmk2y48Jbw4g/LS0IBh692TMQZc45E9R2LZI9ZBl5Y4dT-D8ud-2MqHLTMpL7lov1AmN7U73MjTlQz-AhB19RcCweAYlsWgi_Nc2NafEOzh8Le52WAPf_fS6fM0cCJ2UXCtsmYBzbh-LR2WLWtenN7uj8JZx7f-xFWNpAp4WfJ9Qn0brE15Tl8pJT-1MO7hbGYMX-6OxAV78iMALjDkiXxfh9ndgeVZy8AQ/_hCYT5QHSxFp1rUDjLjHbc1CqApTHEeVAsDwbS4aMuo)
111903,19c87341-2977-48d2-9ed4-181225ff95ce.pdf (https://v5.airtableusercontent.com/v3/u/46/46/1761321600000/-234fApIkLHu3NiOpgzgxg/NWc8k6ttMT0cdClqJPhcEv18UPyiJxy9GJioe4xoMHIagr8o9muG-gyefPXECIN7rqrRqC7V0POeqXsPwoaZxQk0wb_7Nnmz1e2xMhvw99TKB6ujaE79ASzEO0foeJErkSwc8N67ek6tCwkpoqD8C-ZzxL6-ffcU7sqDuJ4z9lIKl7QOwCJrZ-f9jrvywHaMdQW-r73NPgJbMI7D8-y8pw/o0RY0uymowfofCqYHdrvZLgEWUV-jIS6A-XiTK8cvAE)
111904,2e645de5-9e2f-489a-aef7-d1fb80611e4b.pdf (https://v5.airtableusercontent.com/v3/u/46/46/1761321600000/9aA0Y_HJvLQEQOoEJhf4kw/THVq8eRBTA7q0Cm_18hJRS7aZ28Qbr6ltuLlEByvCOkxGjQPx4-iC8kRnY2Pa4Z2fptDe9PC4wOvJ2T4KoLsfTL6ht2dkp7MY1ALjAW0MkuA5c2psnqYlBO1nKSQSYhU-FEOdHBfbUEpmZE6LLiQhDQatOc5VAzTEOthGdSBIqOHCy8ZKi36QqZQ5nnmSs2UrQZYTKhfdq5BpTJ0VVckWg/tjlvJ9MXaE7mkn2XrQWLMdD_AVgBUOBBl-aGSIzlba4)
105611,831fda0e-653e-4172-9fbc-b86ffdc943b7.pdf (https://v5.airtableusercontent.com/v3/u/46/46/1761321600000/maMhU-EPfy6YqDpD4gu0gw/WkTI21LcRw95brbH8GlInduUpi5hFf6_bo7cKHGSSWUag5aiehkpM4IlMi16neZadwOb9aWSAqbbqGbZfrqmMlrHBwy-nXKfTpNQvi9cMp04YUUr2pxePg05e2DDMCXIJU1fXWgNTYTkWFUgrHy4btNqwKH3aUyitJN4YlZslcqLYGxWBtS-YbWgvi1XpzUuJhM0PQQDuO8Prmv7iGWwug/CuSFzd9fGKvv5i3L3s7x1dtymdtcj52oI0WvDjZO2MY)
105608,9399cf5c-dc42-4f30-b7c4-afcfa10162c9.pdf (https://v5.airtableusercontent.com/v3/u/46/46/1761321600000/5ECA07N1fVUmlHBsK4AjHw/hoVZnJWcuJpTww0RU98Nj5TKCTpRULTRHZfK6haOJQjhjATPVD7I9g-uC2KHf1RAKml_BnCFbimlAVibaegZPBVXoxJIiNfP5W_J_jbvPOfIBtVMd8Gpttc_C77MchssNQ1a3_QX0EzHKkE98elphpg2Gac6NmmfkZfPv76QcU2qeuy4ecBO_fz0WLcuNlSKOkU8ZTuf4j8vkfadEPUwew/xzhgMGpIFJZ5NscFYtz0xoxPXM0RC4QO-9XuW3iN_qo)
105609,4b4d3f58-9fae-4370-aa46-51c7d946f2ba.pdf (https://v5.airtableusercontent.com/v3/u/46/46/1761321600000/qkX51JFqIrdkW7I12glRTg/tEH-Qcv_f1ylwDK14BvFc9cYtDn3NuFEMkTivAqrh80gmMidt7BKlk99UwVFqvTt5rd2Omyl3zk8bUwETJy8Yk0InDaXAwx6h9K_PWLQ9hRSNv8PtgBJiaCv1IjSxRRB5E4BOvlg_fH2Vr6v3czwTZ1xzGc7DyFOTfkAFAp0QjE517dQTWyzB3oVgC5_ThGAraQuBHJg5McEPYtzfjFB7w/G1xj2SS7O6CjszfvNglnLZIKmKNqAEAoTfhVYTTWYs4)
105607,df5c5a2a-360e-4eab-acdf-a57fc9bb66eb.pdf (https://v5.airtableusercontent.com/v3/u/46/46/1761321600000/OCtKy9tTXfwiomZ2gi3KVw/A-zJrEMfidBHw3snnQCa-qmqPxnf9Nhpbg7X1LDmq5gTxQXgRXfx8eHsxyeENZwnwGMwR5SaYBtwKpTmfQXK3lvkLWQ-2J9qyF8YqL5FDu5j5NTOXepfiU9dkm04XZbKgaS3xY6WqU8ov5P3b3TYTkrEU_OVJAqKVMoKbjTkB3XnKZZ4a48FRkgZoFJpAA0DC65ihBSSmC75xBUB_zLTCg/UM3HEUiZtIepIIG3vhIGPdL3ErGM6EG3AW52jGRCloc)
104967,003747da-33c5-48ed-86cf-01449ca00ab9.pdf (https://v5.airtableusercontent.com/v3/u/46/46/1761321600000/8OvwgFCKHzsJW8zMumMaSQ/0z-BrJzTwQt6r6PR2Usx5njyfGbHnQPnhOlRyXX7dQsPJjZgZHDytl1eV8AgKGFPY3jPgDSu6P36Q_8UbG5feQIXRfuXqtBFXAKE8WyAWhnfc7tEegRgtd2Ti0iSGE2q2WAJWRQPoWcb-aVO9d0Knq32Wbvo9qmm1FCKfB98jWPyEdwJXkmgC01HUjAEyWlnTOPj0Uw73d4NlVwdypEfIA/pTPtWT3xp0pPm_c-7WxH0y6oxTIPI5KkSjwK4jkuHeE)
104974,4a5bae19-f9e0-4c6d-97f6-06fa54e2ba80.pdf (https://v5.airtableusercontent.com/v3/u/46/46/1761321600000/WGIPSX2RN8gOQAksjoxKaQ/uPWaNtybfO2y5uQRny03Plfi2jybhyFIFFJnz2xA5Z1s0WcxnCs4pzFLJjvaCelgFjDWtRdpMST1qzGw268oHhpGuzVl8EnMLkJp-6ZPjcK3RWAZ9V2oy7lYw1LCaP6FemE734c9QzZV3uOTk_YoW6EX5UKiwFBcd98xx58cz9PDU7MrB9wMwU3woP7kyD_LdLrsudEkCm1_XNuE9w913A/Sdz_J2_1GIJHwwSg9p9ktKgGvDUc1sURiWp1XMAq4Vg)
105606,10b52a05-a19d-4902-86ff-21e4070d694f.pdf (https://v5.airtableusercontent.com/v3/u/46/46/1761321600000/CTwMaNV2DV_2tnXZhYDvbg/PLDiJEpFlruuqQEP0lLaj3JifBCaH-NQr7-iN19em8ovh2CTgi9MRMM8rVdR9a4K6RWjFxlbFTaIK9y4eAwYgI8wT3A9Tvefxt6OepOB1THtDHxj7R2NoQnL_sALwFzC7eLI1M9HcXlmlkZZp8N4RyuR7e78DboAUOtYaeQlmk0D3wO8Wisnjgn0-8U2WToPpo_-U9bIRg-DHKyfqsgV3w/3NEKK1icjVc7n_RHBCoRCZYUrO-9psO1757Yzq7AI7w)
104966,a9290ead-3bdb-4084-b718-27356b9297fe.pdf (https://v5.airtableusercontent.com/v3/u/46/46/1761321600000/3udQfUrWoTMBcAiIKh9tqw/RSbTDpjC8d1nxmM_sFFzkk9U7ZI2bS538eqDrUD8z16i5beheTsSrLwjuFeCK8GLj7rH8ZJaonW_fvZWAVAC4e4-OU46345CgRw_-4QB_hGIq4rp7Uuyq_qJtpacX0xd0oGust7mCcw0TjHZt80rNVZvCaD77dAPDkXGLr45KUOuhHyw5vtFOGJTauGhcJ5j4o5Z7Tnz-g_InbNaDrIScw/b-Ms-qpZfuNSM6Mx8ZCwyb4pvMeihg-cDLZ72DSR3Ds)
104964,080900f2-4584-42f7-9cb3-41f14416894b.pdf (https://v5.airtableusercontent.com/v3/u/46/46/1761321600000/RE-SZwtOK3iPYVV0DAL9xA/r7lfiMTATrBXKIk3XMG0a0MxFlJz6dl06PAEdP_rzh9g5kV1_trijduLVCXqcrCsJ630YnJrDaaHUn_liZjO1DbrdMfE6ih3BNJvM0fy7N-Sa5dE-a8755bRml1soTnCbBlED0vRl03ph7keghzmlCoorbW9j-JmJRsBeKyxPtJPlL7KEQa1LowceVJNnoY3fCBpGev1xhMVsaVKTMCxMw/zesPNornwxX8ylKNFwrq6eTMsmXEBp6FVGLtMjxuyuQ)
104965,e6b8b6b2-caa8-4edf-9491-7c5649900cad.pdf (https://v5.airtableusercontent.com/v3/u/46/46/1761321600000/VnaxfLFszdLiVCA1YpBIhw/ZeqC7ZxELDYieTxK_LpIHITbgM7adntH2McBj8sZsLDZoBy-s0SHOrpnU3Opera1C3xHLqiq8e_BlKbhfNZDfFv0YxF1pUT4VbJpgP444OwMrlFb33_b3A1-20CbS-A9yMn3EkzTK0Fxk2COFJ1yNPLQzELj4UIMbsk91ah6KcNTtJ82z2fFkEfXGWPkwEeaXPq1-pNYn5uK1bCAttPDLg/py8W0eEL8RYO9tx_fNvdhv37do3muMFnUBdVM7wzxjI)
104959,344a7d59-9fd8-489c-938a-66ea9ddf3903.pdf (https://v5.airtableusercontent.com/v3/u/46/46/1761321600000/d3Kd3tAMnpMfAJl0FX5IDQ/Cdg_URKAw7BRncuwNHZorKkYlNF8BOvP-cUT0h0cthg0ow3ONLCKX1oI9qVWB96iZyLkpeHG53JyDySECNriSViJSUD3zEj8iO-qhiHBWbZ5JtTe9fS2XFc7S2QXAN-ZOSpvewSQYCn_FLMUYBIxyM6M2pszgTvpNqT1ughbAgzVq6mmYB-KYQKrTNzMjOkb6kKQZ7vlJmJwdWBNjFHW2Q/-YaR1dueFOsTAZ0GYb2kLnQgPZ6wttIVdSZt_ZD1ulE)
106786,9dd4dd46-f546-471f-a915-ea82c121c4f2.pdf (https://v5.airtableusercontent.com/v3/u/46/46/1761321600000/zMIEwPRByKNhFAyVEFAqcg/VGlugZNmMVwORJrhqdGPhIB7noqUG0gFg3WI4MByuxWiolyH897VxhYRIAuHZhDdt8Z3kAJXGhuI0dEOqrrbKLkMXdJ5JzKZbkTzzIfKeXr2CcnfsHMNon3l5y0ozb8XImz753tu7TsIb8esNCfCDZ5wH8NOcFmdfeMT8D-aV9dGQrwIAaybL1zLpSWPVyv01o5sv53Bn8bBZ9YGHodZeA/HQ3bAVhw1GsNQZfJUVBHrHtgqQKEfNfOazBwuV-qlGo)
106787,02445690-147d-4ec5-98e1-a81b7994f705.pdf (https://v5.airtableusercontent.com/v3/u/46/46/1761321600000/TyTIZgzfazxmq5b4XmHf3g/1618EUHLHCTgGcQAJwqQdjACKsAAG7FJ54Wohmu2wIC3zItGNKMMBfrxSM74eL3l5Y5rfYqvguCIbuFLN7UHoY-G42ObFODnF0PHhOQ84xUVKsdOrtE0RmtCnPjjh4KT2G5lu8I8Dn8z_xuWE6cnTzXipsRf-zYLDBYHa27vNwqAyeYMWevTJRMcBgjnpt4AW0nmMh9Aj5NRLD6tbMe6qA/D_tZ8dWdtdeWdHi1eff37Ba6OMUJWOF9WUJxghBs044)
106785,60398dd6-71eb-4829-9fbc-133693074549.pdf (https://v5.airtableusercontent.com/v3/u/46/46/1761321600000/pLftSz2oVjsTXup9MHza2A/BRg6X5sTFelWo1yCNqmzzC31ockqtHDR8nQXNsURAMjKZHLJ-FoNAzRWyE3biHs56Swug4VcfX12QdUeoKAq5kxvuNvImTc-iLzcEq8g83tgI8-2xAYvBtyWSk96c4vGUazeQxpS1wQP-KdON4BDH_L6Tce-iE4Vp7DujX8Cv_D6VBmrC2gPSmUXmNCkkFCfdKpTrguhBOLQYXGL1PYQhg/NBCR5jrbrOsxOoPZoK7ngDnThwrGdkoy77UvQAWVQc0)
106783,43241f9a-1c76-417b-a593-f3bae90828e2.pdf (https://v5.airtableusercontent.com/v3/u/46/46/1761321600000/L-WFtwQdAyLaZeVbGbg5SA/he8sXvlRQoMKfzyW0WdFxee7lz2hYIT980YXlYtP0Z8Ec5J_WzLiPbaJSAYkBKlTfNls7jSo7MD1Jqf-uwMKVBaf6fWwVGiH7vTuzNGJq8TCpqppuUYteEFq0GxLlSJfgjikfEEGOV8tNC-3Kk35nVP-x_8RxBXwaVs5ZOelNdSJfn2-5n2L0ksynXcYfhVdKwGUopnj3Pxg0ntzLPXoSQ/G3MSwQR8rUKCR_-10DSnCdI9Q17OJiJD_i9uKyAddow)
106784,740955a6-4467-4bfc-9723-a3d3331affd7.pdf (https://v5.airtableusercontent.com/v3/u/46/46/1761321600000/jK3sWji3-zugRcJVHeJ-IQ/suKfHPby07zuT0TolDgukhLNonCdgWZlGIjnJD2j98S2zIsLoT21jk0BRV3KQsCkkEfFw-AADeLTELVUD1o2Ec-eYiWUGWhvAPhAJ7UFbZfFD8lhy0zWe8dPsAIJ7XgkRZhZ8ftDSn48rtTcvZmw10X8GA6G5sPAEX3w_fAwiNTkzp9P-UIdWfsUu7ijk2sR5BbFaJ2DMCmUX3XI259xQQ/P-x61TnLarfQ7BeBzMU4EoUJqWS49RKF8Jlz4lR5P8Y)
106782,3a6640d9-e915-43d5-b1a2-433bd035905b.pdf (https://v5.airtableusercontent.com/v3/u/46/46/1761321600000/ruhwgBFZPp2h8PDVurdb8A/6P0ysThU9FbmAyAFlWmm55WSe1jZwN-AaUixlsh8GmA3pSYvn1oHrlk5t2smSrS7nbJ2UUYx2iuam92sQ6OUSrQTSLgWa8dceTh9ZW4vkZ9F_otLgkqSgAZQrNlna5uoDM-HtASGSgroE_y-xPqsjeAaXuYgUOkxotQZspVcSuE_uh_EEdtVm9pQdSHw-SyHg6xYmMGulikQb00UxTR9Eg/kw4apQo7EjYBMVGa-CNHP70k4RhsFS0IwA39LoeBb_c)
106567,e4c141fc-6a99-42e5-ae25-f6c7eb03747e.pdf (https://v5.airtableusercontent.com/v3/u/46/46/1761321600000/mCMju1PH87Wk3WpuTF0PsQ/G-nm3q4hG63ojiupbSRZHFiZ2ii2PIJvFQlR5h2xxYNZ3X4pv1FeFahQTud1iy9MrsvslV7a8CmhZb4NmE523IYw7J4LNf6bcl3YSNtFvSD5p2XwXeVbPCSAIV6-LNH4IbwdPZQeDN02cQuoad5DDFEAfuX_-4oajZ7s1ZoZiyK8rPI2tLDmjTAK_q7Qe5LpF2CTKEkhkJy_bvY6pfckVQ/7RU6YxO5j1JsSJ7F-IodUg2-ek0T19y5e8WNQfikrCw)
90921,020ca17b-a933-44f8-865b-4c19643a7b62.pdf (https://v5.airtableusercontent.com/v3/u/46/46/1761321600000/HSWgzzqXc96c2_jZkyNZUA/fYnRJYlv8Fd8-19D_NQhB7KdKlJG8ANgncpp3VOf6jM2i_lvzdFJ4Tu7uTpXjyF9nWbBE-ZzJ3XjZjAOE7_OqVICWMW3nUHdrWAv1XCOIzzwI8SnGk92z_s5QCQORt7vFCib_DOLClTVKvT-pFPbCEiEv5Rr0D0U88Z1kXjmw0nLo7GLD3LZ5PXEPpow0-7ximZDncg5oJsLAH6G8Hcf3g/sn_dHP7cSy1TZkPQycH0KH-sXnhpedSZgl7KT_xDYNQ)
98500,e0a19a79-d5de-427e-abe8-977058b3444b.pdf (https://v5.airtableusercontent.com/v3/u/46/46/1761321600000/-JlivAVVmXgRbzOpW8rvLQ/Bx8j8o3ZYUo20YQYk7rgk9Vzw1lepjyM39ASy7asC5ZnPnhZlyj30wV-iVhR2K-eAChzzJuXfasFRzSWajmD9TDZje7FbxkUEN7kxIQlLqLb93aGpfKBesrX7mJerq6LOxmGOjVBdZ5ShtI5HVh_att8miWlqr4tPMJWPIK7pmbUefiU1wLF4JrvaIK7l6L3JjR_y_YaQp8JOtsTQ5G7xA/DVxkr186T-hD1XjvoJD7OKcNossYa3Q9tadq6XvnBfs)
90405,e5687e76-1136-4a05-b876-0eef2cbbbad0.pdf (https://v5.airtableusercontent.com/v3/u/46/46/1761321600000/v98pV6-b-sOaYYvv9gcGmg/X8eLX9YZHh76fSdkCMgyjQXu07zy8a9K3SlBKn7JxsXbqIEiKdot8ZkHqNMSfXR5vP7uTWmRy1bL_PuBQv2YdytstrATg5_7i5lsQNWRF0jMXeCFkRizqQ2sT8aceAp0_-ryDXK_uKYE2P-66KCGgs1T9Z2-V2aJBl4iYlwhwm1TkqgLhwknWm7wWB4-voqlnStpqf_RFgv7_U1xOwRG7A/dfwTNYgwpOtV1vyy79sLzorQLrYIcYd3nIDXDnHHs4E)
90916,b3f1d4fa-470c-4b76-9de8-8e7c51f431ad.pdf (https://v5.airtableusercontent.com/v3/u/46/46/1761321600000/E2L8fsvgthcOYlUjmQm12w/_zHgyOzi31_WbsITCN5Cr2i7G76gbsV6VadOGOg0JWbK372r7jQKZFl10qX52Fhrif__30KBqqIebp_eseJy0FDxoj9srnTiuvBSRBuR1LwqBhe6WW0onDoA9mHUyH6KgdlbgsiaJjT5DnDVuA3XYzcR5_msFKP9M39LJ0rF85mBpZX-FmTML3TWW1uu7VNC1K8C3p7qbMiQlCM3o1x8pA/jedhL6oVzu5hJ8ZXCZcPWbiw26NOJcUlHwj6S2kuld0)
90914,8569a870-b4d0-41a3-a26c-045d86cbf154.pdf (https://v5.airtableusercontent.com/v3/u/46/46/1761321600000/A73tOBEWpHH_MuVx7zBPzg/e4vAxlfmi0nFR2MbBd_HxdJATMC5O_Q8z9_iYlh3zal56ahQbL94TWhWvGIYR50Kp7WhBjxpTB4V3QwVpwikEIwA54LsU-CdJD_GCJ50hkxiMW_nYLtE8_zw_lpSKR110kjGb2YVi3pRxXQVtgrWm_GsnC181X19I6NtKfQyti7FN5tEkaTKS2kgBVHpEeXDQB2_HMI3XWY265YwlPBheQ/JRunDtLWNfVQUkQUe2Vh8ypDaHhExplUMpNW5kzZeU8)
90917,b038c098-5e34-40e7-b3b5-9a95dd6ef973.pdf (https://v5.airtableusercontent.com/v3/u/46/46/1761321600000/q5ylM8DiDqwWYxe4n-au-w/YB09IItjgbfhNT6oZ6RGvYX9APndpHoqrdlxp_WIkOdmfyT5UStXF4BNGYSJb96DFN0PwHc2kKAJ1iC9Rtq8NFJ4WhDB1NZVZ23e_9xatdjXI9bIob-PjYbOoAe-wxktBDHy--CWZsA6eLDpEPEweVYPB7MTbWYJ7VJnotP8XUlrL8xZaoyiABzwixt-F5NHWkRZw64on1iYtDrS-JIDHw/TjNlkEERaFJmbqcqVbgalJpi2Sh34CuAx9vTOO3zks0)
90915,54e84ce1-c62d-441f-b896-6a27dd258a52.pdf (https://v5.airtableusercontent.com/v3/u/46/46/1761321600000/0X9FMIU96j-Y-UPCqGg-dw/t3YyZIOGPW61-ZglgsXrgdTWwwbEPHxbN63Dr7glPGQAORtrT3o9mKwkCJ2n_125QiAZLW_1nP-oQjvjqOkrZ-0bczvI6nNM7T7WUvJ5gbNnDPY9uY-tww-_LkDCShKCGcFugVnrqRgoU4E6C5gDYXmSiISnyWh3FHkoeaAH3Fyb9ufafr9S5AAWX9mByQRPrAaAlSS7njBu76Op356V5A/kbYKMPanXJZlC8Z7Y0mJBKi9onzN3QbHn9Xn7pjc0Fk)
92014,0e2671b5-431f-4464-8483-d1cd42b41513.pdf (https://v5.airtableusercontent.com/v3/u/46/46/1761321600000/cKZOjwP8TZ-ciubk-Cvq3w/ZXvridC6cTZci3OWMx2tcPgw-UuqzqhS1CZ-Q77-GrQD8s80qB0JhSdm3195Pi-v2mR8KwapC5sdbfGIY993A6nPHeB2n2-KIHLTYm3eN9T3hY_NYe9XAy2is9mjeXuvLZ_2nQ3go5NuKtsvmTthIeu83mESR6YgUrkt0LakvsWtr0Z2w0ijZm4U71w8EJOaiCFnNQvfRHGJo2ouqwgQug/2Sq_dwoaYarUT56AXSrwDfDaXmv1-Itp2dj0n929sS4)
107029,511c797f-e9ec-4e4d-a32f-4244d1ee9195.pdf (https://v5.airtableusercontent.com/v3/u/46/46/1761321600000/2OifF9a1b07pFdEmPuOjHA/iCm4OZliq06-hXLggkoaJgcjbS-XaMEqHxBdExwAbYcs7fKXwxYJlhGhNldWEfKA-adF-IV2Z24jQHkVJ6VhYykdM8kYbB7n4vheSUigkJf8U-plee7I89TbxEdVXIIkbDXHfvcFtNSX5dsfx-8BMHBJhm-ZhbnaFSciJ5OFoMXAmaBTvdmwIG43_MIKQ9vriP6rhmU45t2mTtJHB6L-5A/DIfqelx0bZ7mpaNWSsXNMZqowLoUQrHjchXogqAKz7A)
107030,baf9fabd-1b20-49b0-8e62-fcc7185c0534.pdf (https://v5.airtableusercontent.com/v3/u/46/46/1761321600000/-hjEHQWWenAnLf0rl0Ua1A/Nu2q_eyswWQ0Klm61nm7-ZMCO67xShtXaizGFQefrHm3HJ45egH8VG88qHZqsV-GEwtVhIJlFxCseZZSSLQb8g9ufnT7yfihwv_6azZJv7lEI_540jWOL2EDlB85iE2IvuGESTCinUuhpWdMFOuPLO0SwZQA1BMmKvYfFhkIfiWYLImSYrElcl90KfosVuQemiGCVJAoNlAk5sY4l95r3Q/HNmqnvQBugTqq0HeEqJt28cab_X-NivM5N0goVmvjdw)
107031,40ffff13-01e3-4356-9183-ea506a17c20e.pdf (https://v5.airtableusercontent.com/v3/u/46/46/1761321600000/e4UDYtH3CXv7w62jXrTkGw/YOEExKhpxSdfbpbZcTMofcMG9c4syPHmtH8IrxvtVJugYFUau0p_u_L5M3409_sjT1yFTHdFunRv0e58_F_7veXqLbMkltM080NPVz9_MM4Hv9ryzX5lOeDQq1PWNdom7D6HSURH4SHy7_y8M42Q-iqHXoO0KaLGeU0p6uZK1f7ngvy2rywRwUEPQunsXriMsa9D9xC4mv5L-MW5xsD56g/81WyUIFPcKydlo9mqkTU7lmC_3o_mMBW6E9p4_gQp-g)
107032,44c9af78-ff6d-4e6a-a984-8dc1157eff35.pdf (https://v5.airtableusercontent.com/v3/u/46/46/1761321600000/RvInZijLZYK2SDyBEKGjkA/qczEqwZwzIZV2vgxFzGyKY71fD2OmLRLySYUkEf9x0b2cKOzw3NHwN8Z4SiHlaLpzWYOtrzgBbbgTrZMkSald33Bi6ppuD9Sc23RmaH5oJM-WMRIy-qgqFidD1Jz4lFy8oxuU33bej3F4k0VmVG5BYAmZ79Lk-v08gzCaIpoN3K6GGhTmIERCs9ttdH955d_UWEG3NgX3XJtGY9a5qHdyA/Di9_b8g_kfvZ0XTTr6Tt8Tju0riAgmokn-KTVwhByFM)
107033,7652ac2f-99bf-4fe8-9794-6e06cdf5e7f3.pdf (https://v5.airtableusercontent.com/v3/u/46/46/1761321600000/l_zQ7DoL3WgFQc7RaIGnfQ/Lu59J5rd6hV73jE6GAD5_jWYGn_rL3aeh5lxb2TEtxVpzeUM8RQBg2yz543Dpn2ga1Z7Xy2gGbtoa2co7hXitMmPNcr5Ip3rV7VhtvAwi7CyvRw7FQ8uRJY01wjLcUkfT1mfCPWVblCrM0h06HCr5vetOoA6zt-Lgg_RPXfhF4niUYmHD_13d9_Zq0jRD6ygYBB8llrj8om0w3eSWfpVNg/GIgWu12hL42D4wehpKGVqwD2738PFLsLiUkpcHwVfVM)
107035,60edc619-407c-4bae-a89d-ee1bef3420bd.pdf (https://v5.airtableusercontent.com/v3/u/46/46/1761321600000/_uu3fGecj4lG5jMHrA_MzQ/PS1s-z46OF6kCWhS9eS8oTuYmekURsFIERNlV1bDXV5YMKZgD9ZsuMZRE_KPvIrisI_s7p8X49hd14WYf9NSfKINh9-8L_Pv77ElRJV2fzbldLu7-L6t-KNey_ryVSsUCM5zSkrIA1BQ80l8_QVRD3aeFVGqO4cdFJ5FjLE8fHZAFm7nn6vClN2EQd-SUlyijYY1wIyO6dHy7UitqfSHww/4cuy0h37v7ESwQ45DJqN__KdxgslVyfeayNhhBR4pcw)
108109,e37e7943-614b-40b1-9c8b-f2a94c75b16d.pdf (https://v5.airtableusercontent.com/v3/u/46/46/1761321600000/tCRxzbrISY0Tp8r5hPS6Cw/cChcOCLcaabuW8PoCgeKcOju5pvZ2hlz7OUNy9EEJMdqZ_a1oV584p_P2AQaPQ2LNdr-SyCU8iZXElDIIvy7Aj_505R2eoVyWWuRsOyEvMdIbXdCjBr9Kx4kl8nPuI0bfYdDlV1vWgrw2atzAbVaEM4_LumwL4ErEjME__SxIqvtqZWBRCUGmZh0-j7p_x432XAgwR4XfdPmeZQoMAoWqg/04lPB4ath5c2VUpYOtp0XzLl0ZjN0LRxBC2m3PAJD08)
108103,cc182735-2fb9-427e-aacf-4eaddad2215c.pdf (https://v5.airtableusercontent.com/v3/u/46/46/1761321600000/Ppk8bT1ZATS4uRFsj3J16w/RfysqdUHZlkYQzFSOHSEQodNvH-HxgXO2Nec2l7OPgRftWvG_3dPutXS1iSWexbxcWaCnVR5mOHugK85Leuj0RUsbwhTHZgrekO3wKqMg_0b4P1H89BtppbtvpJVI3ZqskAwPbUVqV9BS4WZlRXwzjeFIjB_SAf9tZHEBTaZ2fjGrNp-p8ewRPeuEnr4EEe10rDA2URhBqMz9iriIg5wtw/1D35FAmyVxatH_Xu1wdDQPfY9zvxCTdoA0uyp8kMGBY)
93238,b0bd01cc-91d4-45d3-a88a-06d578f2eeaf.pdf (https://v5.airtableusercontent.com/v3/u/46/46/1761321600000/f_huuy0lt0xVhU03MHFkAA/KaLPYHHExHrdV_UmmD0Z5Eu7iIbntJKoa4odcqWyaTuR2R1laUeG3uG3PXtzot88m3VtaLQnWRDYq34iFwhAblcHneRoszgG8eK5qG4VbZUm32_UpWGfZerx8DrmMZHVxeY4jHMUKj84skO7crS6rycx__vLEg8_Yh9xsD-IvaFYzgTzxEfsYUi-D7e21PJlJwrFLso9mXIX1nbMQISoHg/10s7K32yBhP1HzNJNIBMJNm0rvyUF43exin9-2kSb1k)
104806,61cd3d9c-0bb9-4aeb-a1eb-884740f55f38.pdf (https://v5.airtableusercontent.com/v3/u/46/46/1761321600000/s5yxW2rwry7eklcRozxxeA/BJQ4rIi33DvP2z-Bo-AwDwYU3ypFFuzMZXBeLsmCnvAm9dQnWfYV33LNDoUWp4T__UF9dThIc0khLnAmDP3VCCFgFL7SfhcI3BJCQjZ4e3nVMdOt888KYDsr5NK7T2WHuaXuDoRT5wOmM9VYvoFcvB8G2nFPRr194tJjv3-1guvJ2d5xkWYQiECmNK69ZRd7E-mm1mlt7c9JoN_Fle9leQ/zenwhsrp49jMM-wwX8_-MqhXbVRht9f-XdtKJXMYK8o)
96098,95bf7848-cf3e-4d72-a316-622eeb52f9dd.pdf (https://v5.airtableusercontent.com/v3/u/46/46/1761321600000/7Z_j4ZwN5YadzDmO-hhYFQ/V_EH-bv1-IQcmKkhGAKDNQ7xsed8Iq06y0L9YWlbYyfH1d43yNsj_LWGj6GFDumSJeuclsuwxxt-Uv9cU3OgLnuzs-81KCV2nH8tOuZmYF39mk8nBuO5HQI8npoSR59VxidBXwy98Qb2c4OsSroBeHJo7myNEqfmCW8jnHF4J1LmIw0uN1G-H4UAujZJgwM2UEUs1JS1KmH9EAenOds3AQ/HQ6S4JrGywks-WCYG8VZZcwr83gGe3D7qS7N1ZepmKI)
96100,cf941f30-0e9f-4af1-9294-62bb5a19805d.pdf (https://v5.airtableusercontent.com/v3/u/46/46/1761321600000/k9N5siv7yvP96BQ1fUzKsg/f13M0RaWRUu9KOEJcvZ8Zzsfm31m3BxTVMiolhlTI1rio2BmcidDBgw5K4RDdQlN3GflFtwZbqmgWwRPRxBl_Hmmf7mV9evNs9DYKolhTOAJjaQkrbxxYRL8_hXcZv55Vn-PsnvxnYhDMPNjF0Um2td1chsmr4k63F6o_Y9FII4Og9DfEMV5WGoEjmYlDxb2kW0rep13bKu2KX5hmCTCRw/CUBByHdvZuwjND9LFpYMtw47alOZ6e829pGXlHD-d50)
96099,4f418764-fef3-4566-b524-37af9ba36aad.pdf (https://v5.airtableusercontent.com/v3/u/46/46/1761321600000/HKzVHh0nXQ49whc2oDZ1Zg/TG6Tfa0qF6JC7ulJMUnl6pPlKgvYu-flZBLfTjY1ELlkLyy6tQtyL6i4hP2VEdEpq3XC73ajMUCsHHa-79e1o7xfuSFoogMdra6XRtnX38trtxysBx2BzgxYakICE9pgc8LLHzYgifTfmNQ9Ioux5n2Sycsg7ctyVEgX2JmdDprlSMcF4hqIbIT18lJXw_92J_wMAV-_3T7rCn-qzbDVQg/24mWQg2fdRJfrSI_8yg2EymNmqTvthOT-92WMkx1mOM)
83544,85afdac6-36ac-48b7-9b25-bd2888eb94bb.pdf (https://v5.airtableusercontent.com/v3/u/46/46/1761321600000/Ux1NVougxEP6Tj-Pd-xe7w/h4TDE8Mvw2ht_9b3UrCNwZXD6psaRfuhPDZFpIeuYEgZDWT7281BnCS6_xmCyAqyIWJPgW7R-TDrQmwpspTR39lcoQbmiLQs1vzqArUeOzsnqprmLUrNffXoMGBfp4UXUrJPXj8ECtTBLZezva-ScRk8QPmLzZDU6w9vV1hTnCAHXYIca9W_NP7zl8e49RXL-BgMvBM_d8NwuGan1ggIHg/iLPeECG1E8OTmFAOVWdDgKZofQjM8_e6KEcKFgWX-m8)
83541,a6764800-051d-4e2d-a0f2-60e266ecbead.pdf (https://v5.airtableusercontent.com/v3/u/46/46/1761321600000/3AMBz127E_Hy8pPzwRNt2Q/WX4JjYcvXah9I8XydpRHCj2RUylTXo7QN16PTz9OX6TZCCFZo43h1G_Yg_an0_ZPU9RBXqKGZFrVdskru5buul09LaGPZ-4FyFzTLurukWa3VVlW7mF4286M6r0iLH848TrQmyecWFQlPyVvNysN9Zz3NWp9JnpIU3Rkbxi8XADpZCpOQ2UKGIg_E7Bw9xH7rhEH2g-J5UX6YBGj1ulfTw/eF4Y2tW3acEmAcd1VM89uNSBtoRquVaor8wIUsap5ec)
83543,30ff7167-9902-4494-8ff4-4f24e948ba12.pdf (https://v5.airtableusercontent.com/v3/u/46/46/1761321600000/-yMn4NQ6eTMZkJ4qjhZfgQ/q81ZUOcsFeTzARN4GZByC3GYiI2KvIu_867J2QGppFDCKKfhYbdnrDKbC3ZI7tAz3L18TkkBBGoGX5dR1tCXIBw3qU7i0tx6YFELQ7F_H9-u0Lq7d-hMAy_vSINTD5zk_GQgxMhf99YKUP0nQHSxsYshKzKSaOt82dPLTHdIf4iPaU-dXNmLz4LCSXoVGN8LNVSEk58_B26SDtj7lHV_Cw/auLwo_FrbXkR84dD00mnMZ46qtygvI92IJkN3DvwQfk)
96794,a4bbd6f5-5a9a-438c-9520-4075e92932c5.pdf (https://v5.airtableusercontent.com/v3/u/46/46/1761321600000/Knzlrecv7_M1aivNpNi_KQ/xoAekviMxoil23TKtii-uEFpIarRJBgsV01ygUUHsgu1fhU0SRYwzq3Hdf4BtFkeuiLSrJnn9cTdmrl68p3aTcd_kAgCe9vmnbORQE1Bus8zRL-lsQJ0-nqkjtnjJ2re4cPg-5qSFqRlAJGC45o_JftGEF2HGnQS5vnk2hXlpXE-ZRaV4Mj-3C-A_mtZ_tk3PhD6zj8zQrKw_Arjm9W7cw/xMP5fKhUQfWsM_bipm19YmhpbLTjx8hlw2phhhgF8-4)
96795,bbe84129-22f0-4ebf-b88a-0419a778ffc1.pdf (https://v5.airtableusercontent.com/v3/u/46/46/1761321600000/SoiqOZ59xFEMvtFmxNRHZQ/tptl0V-Qh6x6dKKPXbD_0p8d87iVi3WpWvyrkVDmn_8n_jygPySlNVyFwZvm8Zzi6vC6B54yYLMoAKFNK_6Qj7m6yhMEpGte_Yw598cY8yC09QQ4iZ_qHX2ns0YMXdg76e33jkM6EFwLxe9oyWIRIAAjYosEElbhHJ3hHEQvx1pj9DtmqMlMUsiuWci3RZhyQHatxjyoJIUyB_T00XJJzg/DYkLGUtuhcYfL6MAvGu2Vk-CMneP2eKKslKMKbqVE7Q)
96797,9f119489-1ca4-4f38-b94a-c1c8c2fbd079.pdf (https://v5.airtableusercontent.com/v3/u/46/46/1761321600000/xvzwDT8CDlUnq7SJwml4Kw/K27L8Ep67UdQyMh9ETA37A5UqzdV6bZKQn3L2D3ML5FMnKzGQXWNJ8nex7-HGJeGvTfC64w3nIWDSp1FlHeC-CQVvvCqeaWZBKYeIU8BOjV4YNW5vQvIOeSRB5pex0-UDc1vgXSJo38QPh1BJJoOLyqt8M44T2zd4Q_M88xCtUN5HZ1l9UcVcxKVncbP9zB5mK6Xbh1yEJgXC2vqkG8xOA/RETMLGmj6bMB1dQu4MQbCWGq15_mmWd5EBe6yp5avTA)
96800,a1d78a0f-e023-4d87-8a4d-21a74bf3ea9b.pdf (https://v5.airtableusercontent.com/v3/u/46/46/1761321600000/sC4H3HgeKchSoM_AmHbQmw/z-HlcD_odhIumR3IDsfzkvmbAo5N8hX9FOV_jLCUgqj_4JLBZ665l4qENll0oYfR0sCbmbk5MAZXXVf_QQlih8gehD9WbcbmbpyzOl9I1rsB1SYaTm0tfIkNqBnSzw4ZhDCNeix8C_9k9Xl8XKsq1_uBjTr_sxozq5Yby4XbYMJAkat17vjv6PxPKI8KLUthO30vDJEFOo3553Di7pNK5Q/yxRyZzi1QaShsD5ibQhD8aqS7KcpK92VYUYXn89-4sQ)
96806,6f0e1073-5100-4af9-897e-e23cc3407e00.pdf (https://v5.airtableusercontent.com/v3/u/46/46/1761321600000/kduZOcpjA0mUAN3Z070mcw/ldWZ8etsqd2Q4afRNbbHnARtvdr8Wbz3sAgdYBwHT00BWuUJDGuqgGi55_Gjss8e83K3gD13Lrdah6zxwhso3JmGLNiz1ZcCQB3cTSxdF1nipmp1CL7E6gp8hrdaN6TODrGIcD5AEAAHU9To7LWWtPywhqr3v6auQG52ZhCIWKlNEYigjQ0ViXP2xskDAf_xiJQTjnYO9CbX2WOomnfgsg/5M4p8BCHzZdtpV1sAjH99l6DG7ZTmHLiEBHoMBJdxcg)
96807,9c97b73a-57cb-459e-98c1-745391cc2751.pdf (https://v5.airtableusercontent.com/v3/u/46/46/1761321600000/9JQIHTIdDYQGghH-HkGLcA/xvul09MiftGzatsl_4BlOLW0Yce5S4OBUsiv75n3T5P5jiECiMlIAF4kZLmP3p36tN1CePSENDQbc6bbHjeGeh4Be94lEQ1zLI5wFo13nMlIvwW0Qo54b-k-Y7Z1GNz-WQPZXZrqmooUaXMzBqYYWa-DNafbwBzRReKOUgibfYdFQQjH0cDgav9ckvYNi81G3JAeqKqxN3GJGeGJWdE9dg/-R9oTDBZm4JGjxqMfwVlJVADaQ3EYIeRUWJwjnInonI)
97079,0d6ee6a4-dc6a-411d-8194-1f23f11e0222.pdf (https://v5.airtableusercontent.com/v3/u/46/46/1761321600000/WvOI23SjWbS8_MMP3Q0slQ/E3nsmfpPOkKKXgVtSGC8-hrEGTbHmUDpSzPKVx2ttP2nxMEocwrcSwtBW8UeQsWGZ8TqFti0NkaRjIUNCMAsh0KqBpmVRaBSnWC3BRzIaAHO7oOD11uthksvrfXrGzyCw8P1sO1e2E_NM01XTxKvKHGGxUy6ZAVWGe0__6_gymuBBS9i9lcFev43uN9B3N8BVFrB0FWQYBBFg_GKb9gRoA/R-f56A8sTSNK17yrvNjX_wmamprcI5t33m1neJX3Gq0)
97080,ad4e0ea0-683c-499d-9b86-037420d2ff81.pdf (https://v5.airtableusercontent.com/v3/u/46/46/1761321600000/rDW3cc0kDzPERSZFXw87bQ/-7zI3_4jJl38Aj1WoHLgIVt3m389-7wmj7qb-1a6lkFDwrfePhwQWH8B58hFwWkjlFb00lhUsRqmSqUPas51OEHe4k4zrCoTatSK2swRtVSEtCkefZHZ1M_f0Vkm7vB0nLL0rwQFj2tGDbx4p8eRZP8hqMf96I7hU6K0D1mmgag3plIpe6ojbsvXKufHGHcu8OgdD90BhJ-gCPoLVsj7iw/LWNnBouTDYpWH-J_enVlWEnaYt5fcf0PF49VyBD9nXQ)
97082,3704b80b-72e7-4f3b-91e3-e553b8f1c68e.pdf (https://v5.airtableusercontent.com/v3/u/46/46/1761321600000/4dpyesN1bRdveg3K9lMu8w/XWkI8Kmm_G5g5lbWMXb2GEwyY2tIbyyT28uZ8pkNEYyg4FqrN3JhA06Yx7iAxys8FcgA9t-wVkCCm8zyONhEba61V_mRtsCLD8_O_CcxtS-pbBdXQrtIJYu5fBDATdcigump7IREHLaYc3b1c1XTBa52BK7yqInpQ4qWmqhafVH3COa0TeDRJYk0pnGFAii7YBew8ooBgEV_Whn2vb909A/spqG00VHGt0WVjsgz_0TBko8RpzT146TkCO2JMomqF0)
97085,9a088e0c-1a95-4329-aa76-26b0fb80cd3b.pdf (https://v5.airtableusercontent.com/v3/u/46/46/1761321600000/QNEqyoyLpAAa_tiRRFV5Gw/ZDaoqx9Zt91v_I7Se_HehaeinPYosbmSJ9cnDVkbzl9U_zGLcHhKCdsU1QU6VZZZGGnUm6gDLUtwmyBAcmircQh8kQauWtgidObV_-m1l-HDvt58NpgGNeJ-BmkUca9WERIb65uDubaqh1vl5osHwufHMKti1j8Cs8Pbrybno2ZNoycCM2sHSJsUWQ2aa28naqBTiswyA0-uMR7CUu42eA/Klf_IEGGOrgx4-lXGOzO1iQmLIw-89Xv6D6TTquBEgw)
97087,d2a334f4-51a5-4fbd-80a8-1e93b961a21b.pdf (https://v5.airtableusercontent.com/v3/u/46/46/1761321600000/i6AlNQX89RR_qaC8aiJYVw/L8rjQOfhgIDlmujQl34fJRz9Cx3y-rYIuSsl2g_RJOjQY2xHoT2or_QjIGndHeRkQXvYY_a2--TvAzrq5rGR910E56wPcDuFUZEiDjTjl39LH1R9Zb-jDmk9Q0UBP6-gnjGXIR1hhvwOMJUCHeqnr9c3ErRg1uPtriLkpWrJ4gm3lpSJwxqHZawP5XUfZkUaASF1mPirx-X4tk9vB8Yu9w/bjpkxhMoHxdKWW2CNzaF---sTYlNe2wlQwyoOeR7rnc)
96804,72f615ab-5bd1-4d9f-bc39-37b3d26803df.pdf (https://v5.airtableusercontent.com/v3/u/46/46/1761321600000/YFJto0d4VVZfe6LTJTbbZQ/Zl3ArrREyZG-Fa6ASq3w275gUUI7vnjyuzg-3vyav7NPFlsz7G5t73L1m6T7qd7n-9MzyuFIrfyXC4-4YhLTqBRDSiU_y0CNi2Bai42yTc_l9zIenFtOb89ijbGiFbJb7WcfseJAAKJZQPACwLTnxn9mzCKg_l0cqqIdh12y430_4yTjsZBDwZDxnV5RISqle85EwTUSWPqkZfU94Vp5PQ/Xoum2-ZTlGVlhLLrPHbSQy8ypwKghTslzUN8xmnZDEE)
96801,17b326fc-2707-495a-b47e-1d24476052b9.pdf (https://v5.airtableusercontent.com/v3/u/46/46/1761321600000/zJGZ6Olr5KcpW0mjfuMuew/2jcfMX78-wM1ebhs1_sznz_3nDePx4E_e9ZBO491EYYFtOkmHylyefUB4UWU-9wJAlbTCIlvRH-ezY1CNjOUdApmxkqJUvMILtySQwEwGidgC5RRLWPrTPevo0QDygfNmSHMklCfPKjpsTHaBZ7ugr0wCygYtDbG97FnkCNWD-m1sNw43vA0LhM9rE1GplDuL2rv3VwKQe6y41aq82JuBw/IczAd2e1dL0L79gsp4HHlko-Yb3pZG7BmhDc5NE76bE)
97083,85b9feb7-914f-429f-ab21-28f3b594703d.pdf (https://v5.airtableusercontent.com/v3/u/46/46/1761321600000/6EjBBajhJ_Bfu9_9mb96Vg/Tg92ArWGk3RzOenbj5ih-17cknblaAC0bUmkAENBS1bSoR9DwtULafIaqxWHEcIRsxhsrK8NROq2FlRsb1xEqAovfW3SCwMost-V2t8AgK7E0DH0QSa_6McwI-Bc017vJ0RX51ZoNf9_9gqo7Fc3lDue4q16z3GcmEZf8gTJpM2fX1uQgVOM33gRJJFwsbZY1zMyW3emH9byyaX0672YIA/uBMhkhGdYUm3cP-iWYBagBOoDtvgfmmpx2bvsTxlmKo)
96796,895391e0-2f2b-40c5-bd77-efee0023704a.pdf (https://v5.airtableusercontent.com/v3/u/46/46/1761321600000/FGN8Xn9CH16JoqsIisFHJw/RWJx9daUhFcykSNv97_ugYQjQSPbZZsSgqO6jMyP0WmX3sSwSttBM0-sphJ9T4wE4xjQU3Swi62ppxu9i0K8iLHn_SaP-jWlIBTbJi31dc8LWUlPX3i5GS_bM4I9dNloloC57uEo-CcI9zEt0L4m7fAPz2RzoFusUDs2E7saOPJWCONrD5wGEPL21l7m2BQjPLzqMYS2P0fyBYSldur9qw/3YmM7ynBtQmPakrKHhoplicPSf3eZMCHOpjpBtCQx6c)
97086,31e6d5e1-ac4d-4364-a5c8-c4bdef5c554a.pdf (https://v5.airtableusercontent.com/v3/u/46/46/1761321600000/tNP7NmY8QjJ-57iEbZvu_w/AkiH-gdvyuGtnblLjNaXgiaCJZgmHpgg3zza3GTnENLXwxgRs_q7_pPdMUOQ4C8mSxl4I5uUCf6LIlAsEjjau47Wc-6lwG33J7vUiXzp_mwmc-dZm3v4JAe9Ae9zGBGUdUawrUVw-7wF4s2cM0R3P6QnWczOXvHV7uUJYRLJT2SpLKb8c4siZy5mwXLRaGqYQiRvxDak24kjPDbQp9gPkA/uXmHrFGRX2sQPUMKYlVql9bvPLMqygU1F7jrF2huIyE)
97078,f3060cc0-4839-4233-bd9d-2f41046f5e83.pdf (https://v5.airtableusercontent.com/v3/u/46/46/1761321600000/Deeu7mJTZAyV0QocTUTqsg/LysVqLTg0uIy5lswao_9oXYUMD7OxMJLLfHZEEJ-dE9Ouev4MmznCWQEbRp2q_djbFhCz2mTnZFaPLEBbq5dBG-HgdMnyZpfZa2HLjBBewxEbSiVoOeZAb03r2itH5Nj3xoeyYDKJG0RfShQu1KK4eVDO2vMe39S3mYjREvbcFcL9kby5-L47CLImxOPk2eRF1xn8-Hw3ri5ATGUrCVdjQ/cwLUwC4m6UdIlCNQYMjCRVMpWN_msd-UG7L5J5vcFX4)
96798,d71f7b96-27da-4183-ac14-167825cad476.pdf (https://v5.airtableusercontent.com/v3/u/46/46/1761321600000/QMEoNzSQzLM0P8Q1Gvnk_w/ZM2lhRbVWpqT2BCM_iFrIoyStVufLnrVOHRSgotxRDeV8oDFKx6pmSmhN0oW5oLzA5LUhE-pCFYNFH5AZsIDT0KqjSP6Dc8ifvNdBlN698q7bA-593C2umAkl2vW_SIJyY5AdGyy_hhTsGVJNw8mOdp1EShNXI5v8bkQ1fh4wBai-_G39ktE2xefcieazfoAlsTM7mn7WJdupZ5jRWp3lQ/G5_R1Ol2YsnLmk9lZw9eqDtKwe5j9IOPb8aHjGkIQRY)
103751,a93e79e9-f2c9-47c0-bf5e-60f87c2a7ab6.pdf (https://v5.airtableusercontent.com/v3/u/46/46/1761321600000/8xMv5UOJgqbyNsgPfM3gvg/1DBDzBWZCoa5mtGUvWUe_Nw4KfI8WiY2v9Z6he2LjA8LKvF8Tq_ZteIzlOTdOS6G29nWLhDeyJE76O-tNW_sAnvPJBa7-K6TbULQoGYj70wX2aH0W1Tf94W_8pM3iOqKGqLT_O5-Sr3RP3nkJRdOJgk-ukP4TZCw6d9ytUdjZz1ty7Uqj6xZylzM_XZrnqW5Kprs0YrsbJaqkPDqk_zbXQ/vCd0sKn3vTpwoOz67WLNMMbfSSeq4aDOeYCMsaNgxcc)
110354,43320db9-0c9a-4dab-b18f-e02cfdf8a6c7.pdf (https://v5.airtableusercontent.com/v3/u/46/46/1761321600000/n0JU1Yh_z3-r-kDCYtACig/XjVvknhC9Qi7Vl3fSXLndsnsYqHA79MpsjopoHz38A54p1VoWyDhmMVK9qEy8tGP4T1eJD8bEptR0qp333jESYk5Vi6Dv1kwHrlMRBYs8_vgt0ijoUKbviXZcViERr5a3yG_EYsbL4JbCKuNniiAO5ewlp6i6iRCFwZiMDeMUpJEJVY-DvYo_Ka2dtV46PPvMijwvlh-SZNpYwE4-sLbqA/PR_11sv9_GolmfeMfqhruTyvRL5MQav5fxfNxRi05nM)
100021,9bb7322f-1c21-4dbd-a649-e07c70bae9a3.pdf (https://v5.airtableusercontent.com/v3/u/46/46/1761321600000/alpiYyxdrAMt1nfPQXlYaA/yOU1rUgDjFpdgDqgMhhVK-d6XOfbzBmt9KZGfaHLYZRnzwpTCoabXL4s8viBIV6hCmUjxxTHFOGaa2N2SNRlhYnaksmfQJyBOeWNuSceHCRALcdo-GgML1-yNdjn2WwJf5FZ7S-Vm2z13LcyX186ft5kbCeVzN42uYbMwBF4PfcvrhHJ7VRc-THBN7wShX-pnJXM-8g1Mc9z2riF4fqFdQ/bNFbGft1_eUrwRgGqYNksr8KAUJgMjit5LquA5BPJ3g)
92102,c06c4d28-1546-4516-8307-28a4c5731c6d.pdf (https://v5.airtableusercontent.com/v3/u/46/46/1761321600000/dYV0BO1lAjOl27GQHjmXqA/9cKdbLm2UlOhD6etkqmPWHv3kCdAYNIcKSGoR9Qr4PfkeRx8e0DWEOp-AFNeRDKYAbqHosqOui8Cx7azkVGjO2SuKAXyTk7tX7cGYObCE8po0gGdnNukYBUhR8gAVpI5_k8afQeYmF6imhFETWXC4nkoFC215GOGO04N1gu-jkDPFds1Van3oz5QJgSfclIDuKd9ncUXlZTFopq6Ry3u0A/qGlCrQB-Jr_dBMc_3OasXBd-O6Jvacavx-7WjqBiCjQ)
96120,37a8f143-2869-4ea2-beb7-6d46efad8eee.pdf (https://v5.airtableusercontent.com/v3/u/46/46/1761321600000/Dd6tGP8ycH4lZ1LGsOMXgg/MMxkehvYj52KyVFEZcGlDwoP5J9SLDUdPepO1t9wxSQ4tqqbN4_7ntotPpxeoPyD7jCA8hemaCZuz4gBlxemIQjc-tYh6Af5Yrt0e6WpxfzJ8nqOzU3VcJlIam25cDnc9eFobLjt7uTVX4Kd6hryLJ0MSsoM0U92nT8Zq77vhSf_sfNEZ2mcPCprbs4_jtQjl-wi21Xhs4f7HZj2l39I4g/RdV3xqBQu_dAAbe-6mfL9BFwsDPuDwuB0drp2uRPCTg)